donation_id,amount,sybil_score,tx_hash,created_at,donor_id,proposal_id
1116a21a-8d2a-42e8-b186-15cf7f3c62b3,124.01000000,0.15,0xb25756a6205a,2025-12-02 21:25:01.184469+04,633b1dbb-3c04-4021-8ed3-3adbf3f71262,3b2f6479-c803-470e-9805-defda3bf86b9
396f99c5-a91c-4b1f-b60d-ec0e11c462ba,256.34000000,0.32,0x4e7159761dcc,2025-12-02 21:25:01.184849+04,9cf467f2-ddd5-489f-b9c9-3509ced7b458,a4c2d1ce-244c-4260-99e4-b70b41f5c597
75342b8e-035e-4af0-b133-db7ff56639cc,156.28000000,0.77,0x48020e43414c,2025-12-02 21:25:01.185043+04,26160885-0e8f-4818-97fc-62fdb14c06bb,fcf4e0b1-7b73-4bf5-b754-e98f125cc52c
97597d37-8467-414d-86ae-052c99a09a07,110.50000000,0.6,0xd4b0ddf5885a,2025-12-02 21:25:01.185222+04,7645dcba-523d-44d4-8d55-b93311636127,bf6a99bb-221f-4b7a-9926-2dec719f39e4
b4408122-9997-4cc0-b371-446e11671e8d,486.78000000,0.54,0x3833f0af45ab,2025-12-02 21:25:01.185396+04,9b41ee75-adbb-489c-8c06-97c5735ee875,ab77f481-e0bc-4465-974f-6452dd49e4d5
32e67286-5285-48da-8e73-21e9473d3352,83.21000000,0.52,0xc5a4ce615165,2025-12-02 21:25:01.185572+04,633b1dbb-3c04-4021-8ed3-3adbf3f71262,e79ec8a4-aa85-4a9c-8eef-022652c1b9e9
d0cc6e66-d760-44c8-a656-16e9618d8e46,210.05000000,0.14,0x6af6db75a733,2025-12-02 21:25:01.185743+04,11e1ee5d-af3a-4cbb-8872-de7402fdfcd4,976c0777-1964-42da-8cd4-f50356392eca
fb88f632-9848-491a-9cb1-783cf733a08e,338.23000000,0.34,0xb673de381251,2025-12-02 21:25:01.185898+04,f4abe80d-0cca-436d-9e5b-483aa62384bb,26e009d4-b3b8-40c4-afdd-edb22cdf2a06
939b2680-2daf-4a1f-aa04-8eccbdbde428,405.51000000,0.82,0xc3a2d9bb1e1f,2025-12-02 21:25:01.186047+04,b5cdf886-b8fa-42c3-a2f0-cd1aaebb8722,fac25571-0bb4-4826-8217-1153c8657213
e0119a14-6fd7-4b0f-bf8d-35cae28c1e5b,467.70000000,0.02,0xc8f3e8f1e839,2025-12-02 21:25:01.186195+04,23fe1edc-a7f0-4a19-b891-c96b0d9ba084,4f3ecc8a-2249-4097-b584-aa3dc68cf38d
d3b482d4-d89e-499f-af0c-3cd9bcf80bd4,433.58000000,0.15,0xb87c0a9421ff,2025-12-02 21:25:01.186341+04,11e1ee5d-af3a-4cbb-8872-de7402fdfcd4,1a782e94-65e3-4d2d-b713-7fe4550e925f
ba41d49d-f284-4c53-90ea-a6dce7139573,115.83000000,0.24,0x542b096df86a,2025-12-02 21:25:01.186487+04,9cf467f2-ddd5-489f-b9c9-3509ced7b458,5a4a58fa-df69-443b-8b2d-3b9fc47cee12
1727be80-b641-4c1d-93c7-53bd1e003b14,496.37000000,0.16,0x7040ff444129,2025-12-02 21:25:01.186771+04,19b34f88-afbb-4680-a6ce-3d7b449d1e16,ab77f481-e0bc-4465-974f-6452dd49e4d5
2f470d76-1733-4f5b-a42a-6fcbb3a5f595,420.87000000,0.68,0x8a8f42392c02,2025-12-02 21:25:01.186921+04,ba0247b1-2bb6-4edf-b4f3-940c07c2fefc,976c0777-1964-42da-8cd4-f50356392eca
201400bb-0536-4fc9-a187-51b0320f7ed5,22.42000000,0.65,0xb7842bb20e45,2025-12-02 21:25:01.18707+04,26160885-0e8f-4818-97fc-62fdb14c06bb,fcf4e0b1-7b73-4bf5-b754-e98f125cc52c
18aa2969-037b-40d1-a34e-0a597d5c8a42,119.09000000,0.43,0x9bf8934bcc9e,2025-12-02 21:25:01.187219+04,82e64c86-6974-493a-8f92-0fb19b3b9f91,d2790f00-f9d0-46a2-9d97-f7d45853ce66
f31fd2b9-302a-4f60-b765-c1be23cf763f,229.78000000,0.24,0x4d3a24104387,2025-12-02 21:25:01.187362+04,32d4b70a-86d9-44f9-8293-4b22d373b991,9e2e6b5a-7ff7-4f3d-b2ca-0e7904ed7db1
59a3a8a3-9b9f-4d88-9009-0fcf545185fc,163.77000000,0.56,0x44dea9520df6,2025-12-02 21:25:01.187515+04,54e9fab4-d6bd-477b-8a8a-2b28126b7bfc,a146e1b8-47e7-46b7-a721-4b8ef4ee3866
b1406a46-be0c-4ad2-bad2-28d30cae51c0,64.72000000,0.71,0x26ae0569cac1,2025-12-02 21:25:01.187662+04,39f18ee0-de03-4484-ae97-129b4ed56df2,06921a5c-574a-414a-abec-7674b0563a2f
53f20440-2f22-40f8-a3a7-50b16e71b86b,141.01000000,0.1,0x63642f2c7575,2025-12-02 21:25:01.187807+04,19b34f88-afbb-4680-a6ce-3d7b449d1e16,a923d59c-684b-410b-ac0f-bbd0ff7fbc2b
74d79a24-6d5a-4e21-9f22-330631f1500c,452.23000000,0.95,0x7799e8089f83,2025-12-02 21:25:01.187951+04,9cf467f2-ddd5-489f-b9c9-3509ced7b458,b347046b-1847-45a6-870c-26a61beb2ebb
cdc71abd-3de6-49b0-8a90-bad85c7f79a5,302.11000000,0.85,0x621f70123f1c,2025-12-02 21:25:01.188098+04,9b41ee75-adbb-489c-8c06-97c5735ee875,ab77f481-e0bc-4465-974f-6452dd49e4d5
e8dbbfee-4139-435c-bca4-b99eb2a5ffd0,395.20000000,0.33,0x34a2e71d0ee3,2025-12-02 21:25:01.188243+04,d5aa8235-3708-4dfb-bea4-32461377cc34,a4c2d1ce-244c-4260-99e4-b70b41f5c597
b1fe0392-fcc8-41c2-b637-5735d8ea1962,220.29000000,0.43,0x906bddfa4ca3,2025-12-02 21:25:01.188385+04,868acef0-6a44-4df8-a56e-7387886c8d55,1a782e94-65e3-4d2d-b713-7fe4550e925f
a16fd96b-acf8-4d7b-81c5-7e996785e133,459.99000000,0.62,0xfd081322c0da,2025-12-02 21:25:01.188533+04,23fe1edc-a7f0-4a19-b891-c96b0d9ba084,b347046b-1847-45a6-870c-26a61beb2ebb
68393607-6926-476a-94a6-7a3e52cc6b10,40.77000000,0.29,0x4ea204cd9688,2025-12-02 21:25:01.18868+04,ef5b1de2-1f21-4115-a310-51656a85790e,27158a41-eaa6-4309-b2e4-34469024c76d
45fa1402-a07c-468a-8197-d6ea0de5d966,404.06000000,0,0x686276759bf2,2025-12-02 21:25:01.188823+04,4495e651-ef8a-4c18-aefc-7501ae3af1d6,4f3ecc8a-2249-4097-b584-aa3dc68cf38d
dded2b7b-ead8-4b20-8d6b-1df558741911,99.71000000,0.54,0x2e19ecbfecca,2025-12-02 21:25:01.188972+04,26160885-0e8f-4818-97fc-62fdb14c06bb,f1e324e7-91d2-49af-a726-765ecc1b874b
1229819c-0aac-4283-b2c3-a4d2a8f69f3b,53.76000000,0.85,0x816186b0fbe1,2025-12-02 21:25:01.189115+04,8d980f07-2304-4f04-b93e-52889ef82af3,a633c34e-3c8d-4404-900c-6aa9fed5e26a
34184faa-de33-48f8-b934-e5760b2d9ae8,356.66000000,0.74,0x513a9d998410,2025-12-02 21:25:01.189261+04,93856de4-650c-4b0e-ae51-e62921d9ea03,fc1f08ce-db6e-4017-a0b3-004a5a22276e
278ae39e-1397-4de8-bcfe-58a02f5c032f,346.13000000,0.96,0x4d5c474900e9,2025-12-02 21:25:01.189405+04,f4abe80d-0cca-436d-9e5b-483aa62384bb,1a782e94-65e3-4d2d-b713-7fe4550e925f
d61cdabc-663f-4fec-964b-ec5d9fc19e3c,158.24000000,0.48,0x44408855270a,2025-12-02 21:25:01.189547+04,93856de4-650c-4b0e-ae51-e62921d9ea03,5a4a58fa-df69-443b-8b2d-3b9fc47cee12
31d1de34-0266-4eeb-a6ee-1ae2202ebde4,23.30000000,0.4,0x126c4850a17d,2025-12-02 21:25:01.189696+04,26160885-0e8f-4818-97fc-62fdb14c06bb,e397c762-33bc-4e5b-a846-1900060ca825
16b2b0d2-a103-48ef-8073-a56a49a3343b,156.20000000,0.85,0x706c05f41927,2025-12-02 21:25:01.189841+04,7645dcba-523d-44d4-8d55-b93311636127,bd78fb59-edf6-4529-a136-40888b87ee3f
ef3482c1-8ba8-4676-afae-457420d082eb,352.67000000,0.67,0x57890025752c,2025-12-02 21:25:01.19005+04,26160885-0e8f-4818-97fc-62fdb14c06bb,af0ea805-e7c0-461f-a29d-81be2239ae30
5b8d0e28-d7ad-48c5-9c33-88eba93c2e63,303.31000000,0.77,0x67a2cc09f02b,2025-12-02 21:25:01.190224+04,81c71407-3660-4617-9e22-2f0bbfb89acb,bc209bb7-b58e-4700-8892-1844fc2a40a7
8878807b-23e3-49ec-83db-01553a77bd72,55.02000000,0.88,0xa20be5107465,2025-12-02 21:25:01.190384+04,81c71407-3660-4617-9e22-2f0bbfb89acb,e79ec8a4-aa85-4a9c-8eef-022652c1b9e9
8d546716-a6b4-4940-89fb-24e0e9fa6975,374.88000000,0.18,0xa02209c14449,2025-12-02 21:25:01.190683+04,32d4b70a-86d9-44f9-8293-4b22d373b991,976c0777-1964-42da-8cd4-f50356392eca
30c13e52-e3be-46b2-92b5-964d60abeb5b,275.98000000,0.03,0x94369182c1ec,2025-12-02 21:25:01.190836+04,32c31985-501f-482d-b583-82ff39c7bd94,5eb91be7-760b-4b5e-8e0a-e03d14507128
b2f70ff0-fa20-4f11-8e58-f51fd2834352,424.62000000,0.81,0x7613437d9f84,2025-12-02 21:25:01.190989+04,ba0247b1-2bb6-4edf-b4f3-940c07c2fefc,a633c34e-3c8d-4404-900c-6aa9fed5e26a
2fd9cc22-620d-4d7a-b92d-dc5d7f9667ea,492.64000000,0.77,0x3b5f6c33aefb,2025-12-02 21:25:01.191139+04,82e64c86-6974-493a-8f92-0fb19b3b9f91,5eb91be7-760b-4b5e-8e0a-e03d14507128
7feb3224-5cfc-44b1-821b-2e58d91a0be7,73.85000000,0.56,0x9722f77c4748,2025-12-02 21:25:01.191287+04,bf413c30-a4c8-4beb-9956-068436d35d54,1a782e94-65e3-4d2d-b713-7fe4550e925f
5b23d3cb-f6dc-4ae4-a350-60a01f30ead3,211.09000000,0.13,0xa577ffaf66ba,2025-12-02 21:25:01.191436+04,11e1ee5d-af3a-4cbb-8872-de7402fdfcd4,243ec0f0-3604-4615-84af-1ad9f14ef312
38a0ce91-2028-482c-87d1-9a9c75980bbd,452.60000000,0.42,0xa56382a4d0c4,2025-12-02 21:25:01.191582+04,b5cdf886-b8fa-42c3-a2f0-cd1aaebb8722,7b7f8ef2-63e7-4ea6-8b1d-fc6a3c0f9f22
fd5092b2-bf08-4d85-91f1-9bfab55f29a6,43.49000000,0.31,0x47a7ec3f6ef7,2025-12-02 21:25:01.191727+04,6328e51a-4589-488f-8478-5bc11d9f8d58,a146e1b8-47e7-46b7-a721-4b8ef4ee3866
32b98f58-58fd-4434-b8a6-2d563deb09c0,280.97000000,0.12,0xb52b8a7d3104,2025-12-02 21:25:01.191874+04,93856de4-650c-4b0e-ae51-e62921d9ea03,1dd9e485-066c-49be-b310-ffb3331997f3
17e02b8e-d02e-48f0-b1bc-d0258d9d8fdb,116.16000000,1,0x364f4d537d0f,2025-12-02 21:25:01.192025+04,93856de4-650c-4b0e-ae51-e62921d9ea03,b57c2f13-a702-4a80-a15d-e4f065834f6d
2c6353a9-ce55-45e1-b93f-e3958de8b070,356.59000000,0.04,0xf357f3dc51bf,2025-12-02 21:25:01.192174+04,23fe1edc-a7f0-4a19-b891-c96b0d9ba084,27158a41-eaa6-4309-b2e4-34469024c76d
c80cce75-b025-4585-905b-9ef1d42d6169,154.95000000,0.15,0x882e874533e1,2025-12-02 21:25:01.192327+04,4495e651-ef8a-4c18-aefc-7501ae3af1d6,26e009d4-b3b8-40c4-afdd-edb22cdf2a06
d1339aa5-c6f5-4f90-9518-03d34e65c6ed,417.62000000,0.61,0xc5ba4ac049bb,2025-12-02 21:25:01.192476+04,11e1ee5d-af3a-4cbb-8872-de7402fdfcd4,9569da06-9ab8-4456-9db3-e95a8ede826a
db63b894-7cac-41e5-988a-238136ebfee4,358.48000000,0.63,0x0acd4d4e24cc,2025-12-02 21:25:01.192617+04,8d980f07-2304-4f04-b93e-52889ef82af3,4f3ecc8a-2249-4097-b584-aa3dc68cf38d
743fa0f6-b8a1-4dcd-9433-7cca1a49f10a,363.02000000,0.8,0x024349935d13,2025-12-02 21:25:01.192762+04,39f18ee0-de03-4484-ae97-129b4ed56df2,a258c96f-273f-42f6-af42-49b58469d56e
80772263-b5bf-4c8b-953c-b42aa23019f7,16.43000000,0.2,0x86d82a5493ea,2025-12-02 21:25:01.192912+04,26160885-0e8f-4818-97fc-62fdb14c06bb,243ec0f0-3604-4615-84af-1ad9f14ef312
6e2b583a-f952-417f-afba-cdfed7bc1af5,108.11000000,0.21,0x1f68787e450e,2025-12-02 21:25:01.193058+04,11e1ee5d-af3a-4cbb-8872-de7402fdfcd4,d2790f00-f9d0-46a2-9d97-f7d45853ce66
a5599539-e8ea-4723-aa75-ba1eef6852a4,170.29000000,0.56,0xce64aa62c299,2025-12-02 21:25:01.193206+04,82e64c86-6974-493a-8f92-0fb19b3b9f91,e397c762-33bc-4e5b-a846-1900060ca825
5e253759-4243-4030-83ec-1bb7fd1b87e0,274.41000000,0.09,0xe808c61c5ff3,2025-12-02 21:25:01.19335+04,6328e51a-4589-488f-8478-5bc11d9f8d58,27158a41-eaa6-4309-b2e4-34469024c76d
bc089ffe-a717-4878-94ab-5cd83cf8d6e7,98.27000000,0.1,0xea44d97d68da,2025-12-02 21:25:01.1935+04,81c71407-3660-4617-9e22-2f0bbfb89acb,b347046b-1847-45a6-870c-26a61beb2ebb
610b6f05-61a4-4152-b579-20666f950e8d,58.33000000,0.08,0x401b0b08c040,2025-12-02 21:25:01.193647+04,93856de4-650c-4b0e-ae51-e62921d9ea03,9e2e6b5a-7ff7-4f3d-b2ca-0e7904ed7db1
cc0a8153-954e-407e-86fb-d49897bb0434,492.80000000,0.97,0x3a6a9e0e1b33,2025-12-02 21:25:01.193793+04,d5aa8235-3708-4dfb-bea4-32461377cc34,d2790f00-f9d0-46a2-9d97-f7d45853ce66
da0b2e9d-ede2-45ee-8639-b33fa314ee17,450.30000000,0.63,0x68b27c6408c0,2025-12-02 21:25:01.193939+04,868acef0-6a44-4df8-a56e-7387886c8d55,5eb91be7-760b-4b5e-8e0a-e03d14507128
6b0e9ef9-c185-4946-8c38-94f2af0d481c,357.42000000,0.85,0xefa674414e3d,2025-12-02 21:25:01.194085+04,ba0247b1-2bb6-4edf-b4f3-940c07c2fefc,5eb91be7-760b-4b5e-8e0a-e03d14507128
8d5761a6-95d7-402a-80fc-0e4512a1dc9e,314.69000000,0.1,0x5f1fb53476de,2025-12-02 21:25:01.194231+04,54e9fab4-d6bd-477b-8a8a-2b28126b7bfc,9e2e6b5a-7ff7-4f3d-b2ca-0e7904ed7db1
ef2794ba-964a-4a03-9694-53fe4765ee87,486.62000000,0.21,0xc17e2a4bd1b2,2025-12-02 21:25:01.194509+04,32d4b70a-86d9-44f9-8293-4b22d373b991,5f842497-6330-44c3-a73d-76ae5b9f5fa0
23e04699-89dd-4050-95a0-0a332a94e178,120.00000000,0.58,0xeaedd9bacd88,2025-12-02 21:25:01.194653+04,4495e651-ef8a-4c18-aefc-7501ae3af1d6,ab77f481-e0bc-4465-974f-6452dd49e4d5
c18a1265-c864-4a2e-a098-48477c269d18,22.85000000,0.1,0x26c88b0e0bec,2025-12-02 21:25:01.1948+04,9b41ee75-adbb-489c-8c06-97c5735ee875,e79ec8a4-aa85-4a9c-8eef-022652c1b9e9
f19f3bae-a553-4634-b180-00b5a4345794,325.77000000,0.52,0x35a64ef07973,2025-12-02 21:25:01.194945+04,32c31985-501f-482d-b583-82ff39c7bd94,fc1f08ce-db6e-4017-a0b3-004a5a22276e
716f1f8e-5784-4430-819b-b37284c7a898,293.31000000,0.78,0xd1377a9b5aa0,2025-12-02 21:25:01.195089+04,23fe1edc-a7f0-4a19-b891-c96b0d9ba084,5a4a58fa-df69-443b-8b2d-3b9fc47cee12
6b772d58-8f69-4a9a-b7d5-64255abb0678,454.68000000,0.34,0x7c2e50599c4a,2025-12-02 21:25:01.195238+04,19b34f88-afbb-4680-a6ce-3d7b449d1e16,c7723fe3-1235-4f2d-b62c-571b98aab3bd
b92d07bc-14ec-4101-abb2-4ff67884cd79,318.18000000,0.65,0x373599600233,2025-12-02 21:25:01.195377+04,ba0247b1-2bb6-4edf-b4f3-940c07c2fefc,7b7f8ef2-63e7-4ea6-8b1d-fc6a3c0f9f22
857ef10d-0b59-4444-b399-ef9319dded81,122.54000000,0.45,0xe6ddef89836f,2025-12-02 21:25:01.195522+04,223c30f3-03ff-4137-8625-abe64f31500a,bf6a99bb-221f-4b7a-9926-2dec719f39e4
8b47d525-f9fb-4596-94c3-108ba9bb443d,122.04000000,0.41,0xb07266765bb9,2025-12-02 21:25:01.195663+04,39f18ee0-de03-4484-ae97-129b4ed56df2,a258c96f-273f-42f6-af42-49b58469d56e
df31c4ba-343a-4053-ba3d-40b8a029dd49,40.33000000,0.81,0xd89683f17d03,2025-12-02 21:25:01.195807+04,ef5b1de2-1f21-4115-a310-51656a85790e,a4c2d1ce-244c-4260-99e4-b70b41f5c597
5d20fa9e-3b14-4a37-bb90-2e1e67180bd7,226.57000000,0.73,0xeb45f2e5362f,2025-12-02 21:25:01.195951+04,23fe1edc-a7f0-4a19-b891-c96b0d9ba084,00b220aa-318d-414f-8b3b-bb5ddd67d4e7
8670796d-6da2-4e9c-a7ec-955a9a2f75b1,443.52000000,0.09,0x58919e7f4adc,2025-12-02 21:25:01.196092+04,32c31985-501f-482d-b583-82ff39c7bd94,fac25571-0bb4-4826-8217-1153c8657213
a362e992-40a6-496c-86ec-20b835393b34,490.93000000,0.54,0x0bb56bc27815,2025-12-02 21:25:01.196233+04,39f18ee0-de03-4484-ae97-129b4ed56df2,979eb2d6-5f7f-490c-b924-5fa866fc3fee
08b01910-a7de-40f5-adce-d3ade1635764,306.66000000,0.86,0x1a85e2ecf188,2025-12-02 21:25:01.196379+04,81c71407-3660-4617-9e22-2f0bbfb89acb,e397c762-33bc-4e5b-a846-1900060ca825
cfbfc393-bee7-4c5a-96e0-48c3c5c6b677,92.49000000,0.63,0x0b0f18d4697a,2025-12-02 21:25:01.196517+04,223c30f3-03ff-4137-8625-abe64f31500a,ab77f481-e0bc-4465-974f-6452dd49e4d5
39ef9c59-563d-41bc-9e1b-c264930553b4,365.93000000,0.5,0x1fd6859f647b,2025-12-02 21:25:01.196657+04,82e64c86-6974-493a-8f92-0fb19b3b9f91,f1e324e7-91d2-49af-a726-765ecc1b874b
5b466436-c261-467b-a289-51aa06cc2e77,35.58000000,0.87,0xa5029fd0da89,2025-12-02 21:25:01.1968+04,633b1dbb-3c04-4021-8ed3-3adbf3f71262,26e009d4-b3b8-40c4-afdd-edb22cdf2a06
e04024cb-ca0d-430f-ac30-28fba52c8adc,449.38000000,0.98,0x54e13434f8e3,2025-12-02 21:25:01.19694+04,223c30f3-03ff-4137-8625-abe64f31500a,d2790f00-f9d0-46a2-9d97-f7d45853ce66
317554c9-9ee0-415d-be9a-9b56af2a7915,471.73000000,0.7,0x60ad1401691c,2025-12-02 21:25:01.197081+04,ef5b1de2-1f21-4115-a310-51656a85790e,b347046b-1847-45a6-870c-26a61beb2ebb
91c57ec0-f85d-4db8-870f-dd8f4d21d7c3,450.23000000,0.41,0xf875e2cc8fe5,2025-12-02 21:25:01.197217+04,19b34f88-afbb-4680-a6ce-3d7b449d1e16,06921a5c-574a-414a-abec-7674b0563a2f
c4b72040-dd1b-4d92-ad7b-7525869c18f4,95.78000000,0.04,0x8585db64df97,2025-12-02 21:25:01.197357+04,ef5b1de2-1f21-4115-a310-51656a85790e,e397c762-33bc-4e5b-a846-1900060ca825
a106f59f-a93a-421d-ba0d-37b6760471f0,343.64000000,0.35,0xcb532e30007b,2025-12-02 21:25:01.197499+04,8d980f07-2304-4f04-b93e-52889ef82af3,1d7a6714-eb6d-4a1c-a289-6794c0464c22
73055e3c-0b0c-4115-83eb-63f4af89347b,290.25000000,0.36,0xeb048639088a,2025-12-02 21:25:01.197639+04,7645dcba-523d-44d4-8d55-b93311636127,5f842497-6330-44c3-a73d-76ae5b9f5fa0
fc66fc16-db41-4167-a84a-1ab10e276e48,274.83000000,0.3,0xcc7c5e207e55,2025-12-02 21:25:01.197776+04,4495e651-ef8a-4c18-aefc-7501ae3af1d6,e397c762-33bc-4e5b-a846-1900060ca825
f144c1cc-12d1-4cef-afec-e5d4ace605f4,295.12000000,0.6,0xcfdf89360b05,2025-12-02 21:25:01.197915+04,32c31985-501f-482d-b583-82ff39c7bd94,a258c96f-273f-42f6-af42-49b58469d56e
d5998abf-14f7-4b92-98ec-8a93c3df5934,245.11000000,0.25,0x2289bf718d82,2025-12-02 21:25:01.198192+04,68fc3335-8790-444e-bb01-bf4813af15fc,243ec0f0-3604-4615-84af-1ad9f14ef312
f0126c2f-224c-4a25-935d-617427e61a49,152.95000000,0.89,0xc72157600d3a,2025-12-02 21:25:01.198333+04,32c31985-501f-482d-b583-82ff39c7bd94,fac25571-0bb4-4826-8217-1153c8657213
a4eeca26-a9b8-40ce-8717-65592d0575bc,229.07000000,0.32,0x1f45bae54a9c,2025-12-02 21:25:01.198474+04,d5aa8235-3708-4dfb-bea4-32461377cc34,06921a5c-574a-414a-abec-7674b0563a2f
025e4ace-cbe8-4554-b9de-7cbdf589d40d,203.95000000,0.56,0xd025d23d6546,2025-12-02 21:25:01.198612+04,32c31985-501f-482d-b583-82ff39c7bd94,9569da06-9ab8-4456-9db3-e95a8ede826a
d69c4ca3-e8c0-4522-af04-62f4e4fa72fa,409.82000000,0.62,0x4f526c2d5750,2025-12-02 21:25:01.198749+04,82e64c86-6974-493a-8f92-0fb19b3b9f91,5eb91be7-760b-4b5e-8e0a-e03d14507128
a6003c41-430a-4012-82ff-54103a24ef13,445.01000000,0.44,0x0447d1142bd4,2025-12-02 21:25:01.198884+04,7645dcba-523d-44d4-8d55-b93311636127,bd78fb59-edf6-4529-a136-40888b87ee3f
935ee8cd-1acb-484b-bdf5-7f55231bd344,166.42000000,0.25,0x54e22c7cc65f,2025-12-02 21:25:01.19902+04,93856de4-650c-4b0e-ae51-e62921d9ea03,9e2e6b5a-7ff7-4f3d-b2ca-0e7904ed7db1
264353e2-3de1-4623-801f-85ac8265dd87,361.95000000,0.73,0x75596af434d4,2025-12-02 21:25:01.19916+04,19b34f88-afbb-4680-a6ce-3d7b449d1e16,b347046b-1847-45a6-870c-26a61beb2ebb
94502112-74a7-47cc-862a-95dd754dd7ac,29.42000000,0.88,0xbdf0320c77aa,2025-12-02 21:25:01.199291+04,9b41ee75-adbb-489c-8c06-97c5735ee875,5eb91be7-760b-4b5e-8e0a-e03d14507128
7f67e504-ca6a-48dc-89e2-5772b27bf2a1,108.68000000,0.64,0x04ea0d64ff69,2025-12-02 21:25:01.199422+04,d5aa8235-3708-4dfb-bea4-32461377cc34,c7723fe3-1235-4f2d-b62c-571b98aab3bd
d2fc601b-ea46-40fb-bd80-8744bbc163ca,82.82000000,0.99,0xbed910910a06,2025-12-02 21:25:01.199563+04,76a4116a-f402-4330-a9bd-fa954ec88ba0,979eb2d6-5f7f-490c-b924-5fa866fc3fee
73d96141-812a-47a9-9b22-0c297e52ce7f,19.73000000,0.91,0x5fe2cd0be35e,2025-12-02 21:25:01.199701+04,f4abe80d-0cca-436d-9e5b-483aa62384bb,3b2f6479-c803-470e-9805-defda3bf86b9
c416ce56-6f57-4278-a2d4-cee6376909be,54.37000000,0.93,0x69c2748bdd2d,2025-12-02 21:25:01.199841+04,9cf467f2-ddd5-489f-b9c9-3509ced7b458,e79ec8a4-aa85-4a9c-8eef-022652c1b9e9
5f071833-655c-43f1-871d-c01f4461cb59,105.25609835,0.7,1fbacd310cacb98730bb733c79845f3bee412e211940fef2b030d5c03622a0a7,2025-12-02 21:44:46.642738+04,31e6d727-17fa-4408-b4c2-4bf880d01876,81e046fb-79d1-467c-8a28-493a49296de9
2509c51b-435a-42fa-a2fc-c38a8f7d4363,267.05065746,0.52,aa3758c3aaf2f44b960512fb5412e38e56d1ed344f5368379336f24e9d01dcb8,2025-12-02 21:44:46.642973+04,696e4ba1-94c0-429a-a4de-926b60cff2de,8f6718f7-543f-4b6f-8f1b-a31c6e713f3c
94da5123-2848-465d-a09d-8e5ca07164f2,125.74000000,0.87,0x8c4df6e8,2025-12-02 21:22:14.814387+04,6e6c6a30-96ab-4938-a42e-d4769d962f08,9d991a22-418b-4792-b692-1fe155775761
a3425295-304d-4723-878f-67a394a3d279,38.91000000,0.56,0xeded00d1,2025-12-02 21:22:14.814887+04,2f80b278-e13b-4aa6-b1a7-4f6cc1d0aeb0,bf6df7bb-506a-400f-b907-e8f4f4f97807
91b6f9fc-d50a-47c7-9139-c4f7b7519337,161.64000000,0.87,0x4e804501,2025-12-02 21:22:14.815092+04,a8c39bfb-7e4c-45b8-917e-34029f1f7ca0,ab71adcc-042d-4c08-b6b2-f4706630562d
4d76b310-8cc8-42f5-9aa0-656a303b11de,114.92000000,0.94,0x31a1e851,2025-12-02 21:22:14.815278+04,4ec7cd28-4727-4632-bd49-d5d714b2d430,aff393a0-cdf4-419b-9c24-95bbc84ff487
c887c613-ff81-499f-805e-060fae665c89,427.29000000,0.82,0xa4a82e2c,2025-12-02 21:22:14.815461+04,12fef95e-2cc6-4823-bef6-8fbf07609a72,d776969e-4e67-4283-8cad-24392de7e56c
bcbcc5a7-6ff7-48e4-b4b6-75da4a589771,66.90000000,0.94,0xf8efe185,2025-12-02 21:22:14.815638+04,7cbf338e-50e8-4283-a08c-0201d820252a,9678aa31-c9d1-488e-a75d-cc40a1b4bc04
3ac1922e-91eb-49f9-ad01-f5ec4911106c,80.18000000,0.59,0x244a4f90,2025-12-02 21:22:14.815821+04,71fc9ae4-c8e2-46df-bae0-4c53dc71168c,4c73c3cb-5d1d-4916-84d5-791341654ad9
5a3387ec-34c5-4822-b383-56149f2e1946,217.91000000,0.74,0x1a879d57,2025-12-02 21:22:14.81605+04,46232977-d53b-4523-8048-f8420ccb9a22,78a39ede-94f4-4131-8e0e-cd6dced1059e
4bb70673-1be9-444a-9964-b2a203a17421,166.61000000,0.73,0x81eb3aef,2025-12-02 21:22:14.816268+04,89065879-c933-41c2-8548-28819022205b,bf6df7bb-506a-400f-b907-e8f4f4f97807
0ac53497-8d4c-49d5-9f81-dcf38bfb684b,408.63000000,0.72,0xa5375d81,2025-12-02 21:22:14.816425+04,c9d7d24a-a176-4e63-a00d-0bf932d564cb,a2e28012-aa86-41d8-85fb-721f0c69059f
d143e01b-8fd4-4ba0-b17f-b1268f2c5a60,204.71000000,0.61,0x99349c1b,2025-12-02 21:22:14.816587+04,7cbf338e-50e8-4283-a08c-0201d820252a,a2e28012-aa86-41d8-85fb-721f0c69059f
5e2548b8-d442-4905-a793-b9306ed6cfa7,378.26000000,0.57,0x65ccf7a5,2025-12-02 21:22:14.816741+04,12380bf9-59ed-47b7-a2f2-067203ab3e99,a92e4726-a206-4094-a7ac-48039d26c2d9
bbe0f234-ba9a-4a68-943a-440ca97b3e98,110.12000000,0.87,0xdc5033b6,2025-12-02 21:22:14.816891+04,8f67361a-44e7-47de-8061-1a614091ca52,4728cf16-2000-4a9b-b2c4-8b505e59d0f3
6ab63ef4-e4e3-45d1-a05a-08e35a57cb9a,389.24000000,0.92,0x481143d3,2025-12-02 21:22:14.817029+04,16991a51-e937-4d98-8c60-9668f49afa00,791c1a6a-efe2-462b-ae19-16ad13d23378
54d7490d-c164-45d4-97c9-b83e60af1489,443.13000000,0.65,0x009404b6,2025-12-02 21:22:14.817168+04,02c3e5ef-73c8-466f-ada5-793f50ee8046,791c1a6a-efe2-462b-ae19-16ad13d23378
94d64c1e-a40f-469d-abbd-ff109adac035,488.49000000,0.7,0xdca32ee1,2025-12-02 21:22:14.817305+04,c9d7d24a-a176-4e63-a00d-0bf932d564cb,4728cf16-2000-4a9b-b2c4-8b505e59d0f3
92c736be-ae00-4000-afb0-eb1a971faec3,473.51000000,0.92,0x0b3c3d9e,2025-12-02 21:22:14.817452+04,a8c39bfb-7e4c-45b8-917e-34029f1f7ca0,93dbfcb0-0470-408c-97e2-ee5e07686971
291e3e62-8825-4c45-93cf-551806e55acd,426.42000000,0.73,0x79babc8b,2025-12-02 21:22:14.817596+04,46232977-d53b-4523-8048-f8420ccb9a22,d1c9cc05-2ad5-4b37-a437-7d48427cef7e
fd247cd5-ae39-4716-9325-f33d621a930e,160.18000000,0.77,0x553b7907,2025-12-02 21:22:14.817743+04,6e6c6a30-96ab-4938-a42e-d4769d962f08,fde4181d-e1a0-4f02-89bd-aeeecc2fc858
229f0f1e-9da8-4386-97b9-fdc2eae28fa5,425.12000000,0.73,0xb3ba4b6b,2025-12-02 21:22:14.817884+04,02c3e5ef-73c8-466f-ada5-793f50ee8046,a2e28012-aa86-41d8-85fb-721f0c69059f
6aad34b6-411e-4bd9-811a-97c9defe4ae4,406.27000000,0.97,0x92955a65,2025-12-02 21:22:14.818025+04,a8c39bfb-7e4c-45b8-917e-34029f1f7ca0,e9e4abbc-1f87-40b6-9f15-2f5c8adf6c38
e4c7a62c-4fe7-4984-8634-f292f03f1b16,214.10000000,0.9,0xeaaccf8d,2025-12-02 21:22:14.818174+04,12380bf9-59ed-47b7-a2f2-067203ab3e99,9d991a22-418b-4792-b692-1fe155775761
2d0a4689-bef4-43e2-b7c8-1a680e05826c,21.86000000,0.67,0x7326ede2,2025-12-02 21:22:14.818316+04,2f80b278-e13b-4aa6-b1a7-4f6cc1d0aeb0,1f33734c-54d0-40b0-85f6-fa55c4dd6c97
0ec95e5b-4edb-4516-bbed-770c03ae0639,172.02000000,0.8,0x8c844a70,2025-12-02 21:22:14.818456+04,193608b4-2f2a-487f-afc6-43913a08b450,3398a848-d428-43ff-b88d-d99f98f78c9b
e0d6e4af-d78e-4cde-86cc-a45330335ba7,480.24000000,0.6,0xe23bc6f7,2025-12-02 21:22:14.818601+04,8f67361a-44e7-47de-8061-1a614091ca52,d59bcb69-29eb-4c4b-ad07-c648b3df9ca8
273673b0-cd11-4479-b59d-7d69d66b3308,230.46000000,0.82,0x1160149f,2025-12-02 21:22:14.81889+04,1b5d3f71-36be-4b56-ae49-38e99be73bf6,d1c9cc05-2ad5-4b37-a437-7d48427cef7e
7c3f9777-4566-4de8-82eb-288d9c7282b5,138.56000000,0.98,0x10bf0641,2025-12-02 21:22:14.819045+04,4ec7cd28-4727-4632-bd49-d5d714b2d430,b49774c0-14c9-41b9-be18-5c58b2f77d0a
fd50390e-d461-4809-bf68-98bb618ab32f,105.41000000,0.6,0x53156315,2025-12-02 21:22:14.819195+04,4ec7cd28-4727-4632-bd49-d5d714b2d430,fde4181d-e1a0-4f02-89bd-aeeecc2fc858
df8a085b-d291-42d4-8b05-192980b35c4e,70.82000000,0.9,0x3f186ef2,2025-12-02 21:22:14.819335+04,cdd5ab21-a11b-4cad-b3f0-586899669f6f,aff393a0-cdf4-419b-9c24-95bbc84ff487
7cb13357-71d7-418a-895a-4dfa310458ac,96.73000000,0.81,0x9965bb01,2025-12-02 21:22:14.819474+04,89065879-c933-41c2-8548-28819022205b,e8471d2b-8bc3-442b-8b9c-6858acd254ef
4e449b7b-e3ed-4fa5-b65e-527954143201,495.68000000,0.53,0xe96763ed,2025-12-02 21:22:14.819627+04,2f80b278-e13b-4aa6-b1a7-4f6cc1d0aeb0,78a39ede-94f4-4131-8e0e-cd6dced1059e
2d2ed266-a6c2-4196-b894-52c1289e7067,481.20000000,0.67,0xbf9bf775,2025-12-02 21:22:14.819777+04,193608b4-2f2a-487f-afc6-43913a08b450,25b03d56-28a6-4c6a-be82-ee222c4053ad
11bc68cf-4dc2-4090-b373-ecd3d8d5dda0,361.38000000,0.9,0xf917b6cb,2025-12-02 21:22:14.819928+04,5ff54696-e58c-4765-bb33-5360fa2ed6eb,93dbfcb0-0470-408c-97e2-ee5e07686971
d1906007-130f-491e-b499-ce2ce568b4b6,176.43000000,0.69,0x6dea5579,2025-12-02 21:22:14.820075+04,7e04263a-dcdf-49ec-9c82-f3a2705301d1,9678aa31-c9d1-488e-a75d-cc40a1b4bc04
35305da6-d68f-4aef-95d6-7fc84c74a7f4,344.46000000,0.83,0x2b2d3dcc,2025-12-02 21:22:14.820222+04,7cbf338e-50e8-4283-a08c-0201d820252a,bf6df7bb-506a-400f-b907-e8f4f4f97807
2cb1fa6d-2edb-4abe-902f-e8556164778f,492.06000000,0.68,0xea97cb8f,2025-12-02 21:22:14.820373+04,5ff54696-e58c-4765-bb33-5360fa2ed6eb,ec31ea68-643a-4ee9-8996-ebe6808efc75
5327375d-1783-4c83-be2e-b98fbc5fc759,234.21000000,0.71,0xde4678b2,2025-12-02 21:22:14.820522+04,12fef95e-2cc6-4823-bef6-8fbf07609a72,d59bcb69-29eb-4c4b-ad07-c648b3df9ca8
4078a419-1eca-42df-8e27-c9d7e3681301,316.24000000,0.9,0x351a5e0f,2025-12-02 21:22:14.820671+04,0f5f1d3d-d638-42e2-8be6-3e241f283daa,9678aa31-c9d1-488e-a75d-cc40a1b4bc04
5a4b3dbc-e578-4e84-b86a-57ec2f702dc3,119.24000000,0.75,0x28a12128,2025-12-02 21:22:14.820978+04,4ec7cd28-4727-4632-bd49-d5d714b2d430,d1c9cc05-2ad5-4b37-a437-7d48427cef7e
cbd8b572-5d93-40b2-93f6-22cd2e23b468,88.08000000,0.76,0xced4eb92,2025-12-02 21:22:14.821128+04,12380bf9-59ed-47b7-a2f2-067203ab3e99,3795216e-b840-4e10-b843-ab1b0fbda31e
d1e0607d-d974-459d-bb28-b6aa8951a0cb,437.54000000,0.55,0x18d82a6a,2025-12-02 21:22:14.821273+04,4ec7cd28-4727-4632-bd49-d5d714b2d430,a92e4726-a206-4094-a7ac-48039d26c2d9
c63b99f4-d52a-4f24-ab6b-3d42399286ca,138.60000000,0.79,0xf3817800,2025-12-02 21:22:14.821414+04,12fef95e-2cc6-4823-bef6-8fbf07609a72,4c73c3cb-5d1d-4916-84d5-791341654ad9
7691cced-634a-4886-a620-793bbe3c8526,271.15000000,0.84,0x428aad2e,2025-12-02 21:22:14.821556+04,f079b562-f71c-4a02-9a2d-aa86da90e3d6,ab71adcc-042d-4c08-b6b2-f4706630562d
640601de-5dac-4ac8-9310-0e4e1c57d228,456.65000000,0.92,0xf177b3ce,2025-12-02 21:22:14.821697+04,193608b4-2f2a-487f-afc6-43913a08b450,791c1a6a-efe2-462b-ae19-16ad13d23378
370b6b25-7345-4f57-84e2-b8a8b2c65746,111.82000000,0.97,0x81343180,2025-12-02 21:22:14.82184+04,fd2b5903-44bd-41fd-a26c-a8bb81cd4dbf,d59bcb69-29eb-4c4b-ad07-c648b3df9ca8
8ed278e5-8436-47a9-941e-e275eea18992,346.66000000,0.91,0xc9da81d2,2025-12-02 21:22:14.821983+04,0f5f1d3d-d638-42e2-8be6-3e241f283daa,93dbfcb0-0470-408c-97e2-ee5e07686971
7040c9b8-0293-4cc6-8304-d6bec7200ef3,136.09000000,0.69,0x28d94a3b,2025-12-02 21:22:14.822123+04,d5479129-3ab8-4196-9266-5843aeac92a0,3398a848-d428-43ff-b88d-d99f98f78c9b
ae31f6b0-ad52-4748-92c8-fabaa4b31f6f,321.85000000,0.55,0x362b004c,2025-12-02 21:22:14.822261+04,59a192de-977f-4b99-9aa4-88c191b5fd51,dbfc0265-a7ea-46a0-bd5d-c692724b7823
7c795d92-3e06-40d1-bbfb-61b32339e3fa,120.00000000,0.92,0xac2f26c7,2025-12-02 21:22:14.822403+04,d5479129-3ab8-4196-9266-5843aeac92a0,ada9f2c0-dfcd-46fb-80dd-bc0e7820a6a1
28190fc7-6063-4c02-a6d8-561a2c8ce487,114.26000000,0.59,0x049b438b,2025-12-02 21:22:14.822547+04,a8c39bfb-7e4c-45b8-917e-34029f1f7ca0,1f33734c-54d0-40b0-85f6-fa55c4dd6c97
ceba8d94-fefb-4ea3-9a8f-87f9b5a6afdf,160.87000000,0.86,0x24ecc8c4,2025-12-02 21:22:14.822687+04,a8c39bfb-7e4c-45b8-917e-34029f1f7ca0,3398a848-d428-43ff-b88d-d99f98f78c9b
f5e2f4dd-07a4-44c9-afb5-b9c492401e32,355.89000000,0.53,0xf3aee52f,2025-12-02 21:22:14.822832+04,193608b4-2f2a-487f-afc6-43913a08b450,fde4181d-e1a0-4f02-89bd-aeeecc2fc858
3030b41e-ed59-4f66-95a8-c97093ccf8a2,450.95000000,0.79,0x1c9b7767,2025-12-02 21:22:14.822973+04,4fc9fddd-7388-4421-adb1-32485d6eaf58,93dbfcb0-0470-408c-97e2-ee5e07686971
83c28e55-bae0-4cc3-9a7f-4b9f4cc4b971,487.52000000,0.55,0x47990f67,2025-12-02 21:22:14.823115+04,89065879-c933-41c2-8548-28819022205b,bf6df7bb-506a-400f-b907-e8f4f4f97807
5b41f935-f1a9-427c-9e87-8f8bf7fca930,221.15000000,0.5,0x8d6f4487,2025-12-02 21:22:14.823258+04,8f67361a-44e7-47de-8061-1a614091ca52,b99822be-e8e7-4abe-9352-c6b41785045a
f6bbc930-27b6-4793-bbbf-b3d992f9f23f,276.62000000,0.85,0x55a57ba4,2025-12-02 21:22:14.823399+04,5ff54696-e58c-4765-bb33-5360fa2ed6eb,dbfc0265-a7ea-46a0-bd5d-c692724b7823
c820a58a-204b-4eea-bd5d-4d88d000961d,492.86000000,0.9,0x2afdfea8,2025-12-02 21:22:14.82353+04,8f67361a-44e7-47de-8061-1a614091ca52,78a39ede-94f4-4131-8e0e-cd6dced1059e
93e536fb-b0ab-4380-a6bc-bd39fba36518,166.32000000,0.65,0xe2e75ada,2025-12-02 21:22:14.823718+04,4ec7cd28-4727-4632-bd49-d5d714b2d430,d59bcb69-29eb-4c4b-ad07-c648b3df9ca8
ed8a110c-edbd-4324-82f5-4ab5969fba2c,484.62000000,0.62,0xf4547477,2025-12-02 21:22:14.823874+04,7e04263a-dcdf-49ec-9c82-f3a2705301d1,84ff3b0d-6d0a-41c0-b697-2d181ddf9aae
2d14a76b-e2c5-4640-b7a1-5bfa437bbd0f,165.32000000,0.81,0x1b66e7b5,2025-12-02 21:22:14.824019+04,16c4be2e-1257-475b-aaf5-540309728312,9d496a90-c650-42b3-823a-27be5be5aac7
0244d71d-8509-44cb-82b6-975b5bd95c9d,361.84000000,0.89,0x3cf6488b,2025-12-02 21:22:14.824166+04,7cbf338e-50e8-4283-a08c-0201d820252a,84ff3b0d-6d0a-41c0-b697-2d181ddf9aae
1012462b-c57c-43c2-b49e-5a0657dc1c70,225.24000000,0.68,0x66264436,2025-12-02 21:22:14.824362+04,7e04263a-dcdf-49ec-9c82-f3a2705301d1,73663751-66d3-4433-acce-9641baa3191c
571c3928-1814-46ca-84d6-37d5047883bc,94.72000000,0.54,0x2659dc3d,2025-12-02 21:22:14.824688+04,bbfa8bf4-8e24-4cd7-a7f6-4c1c0c7c612a,fde4181d-e1a0-4f02-89bd-aeeecc2fc858
492a2c4c-fcf7-4f03-a1f8-d30b4ed45037,228.98000000,0.76,0x28daaeb7,2025-12-02 21:22:14.824859+04,c9d7d24a-a176-4e63-a00d-0bf932d564cb,fde4181d-e1a0-4f02-89bd-aeeecc2fc858
9e752420-ca65-4fab-b777-f01e88b4af81,249.03000000,0.72,0x1a1302f2,2025-12-02 21:22:14.825018+04,bb492984-bd52-48e1-a9e3-5465cbd7bf78,3398a848-d428-43ff-b88d-d99f98f78c9b
cb0c4da4-a7d0-49cd-9ef6-d3970ae47be0,499.32000000,0.79,0x67414c54,2025-12-02 21:22:14.825161+04,12380bf9-59ed-47b7-a2f2-067203ab3e99,4728cf16-2000-4a9b-b2c4-8b505e59d0f3
f2817448-f345-4805-b56d-c62e1c6a570d,221.64000000,0.61,0x4012ce18,2025-12-02 21:22:14.825306+04,59a192de-977f-4b99-9aa4-88c191b5fd51,b99822be-e8e7-4abe-9352-c6b41785045a
f294a9e3-59c8-48fd-9fe7-ce95ba9b35bc,295.89000000,0.72,0xcc5343c2,2025-12-02 21:22:14.825444+04,2f80b278-e13b-4aa6-b1a7-4f6cc1d0aeb0,a92e4726-a206-4094-a7ac-48039d26c2d9
c9f102b9-831c-4467-889a-f1f8daa1821c,64.32000000,0.68,0xb1d55ede,2025-12-02 21:22:14.825583+04,38c902eb-bdce-4125-8ea8-94a2dbcfe0f1,791c1a6a-efe2-462b-ae19-16ad13d23378
e536cc79-5f3b-4909-adb9-b3bc42f78910,85.90000000,0.68,0xc4e02b03,2025-12-02 21:22:14.825725+04,1b5d3f71-36be-4b56-ae49-38e99be73bf6,3795216e-b840-4e10-b843-ab1b0fbda31e
48238c7b-28b4-4930-a349-4789b159d16b,53.37000000,0.64,0x2c5d4167,2025-12-02 21:22:14.825879+04,a8c39bfb-7e4c-45b8-917e-34029f1f7ca0,ec31ea68-643a-4ee9-8996-ebe6808efc75
8b3dd120-55ae-4cfc-9830-e3a8edd301d9,89.12000000,0.69,0x350d055f,2025-12-02 21:22:14.826028+04,f079b562-f71c-4a02-9a2d-aa86da90e3d6,78a39ede-94f4-4131-8e0e-cd6dced1059e
e5a681be-62f2-48e4-b3dd-bbb51e0ecad3,405.69000000,0.66,0xabe3e279,2025-12-02 21:22:14.826181+04,31777133-e122-4a89-9074-b8f6512c8671,3795216e-b840-4e10-b843-ab1b0fbda31e
ae2d6332-8e99-43d4-b488-a249bc9cd70b,440.15000000,0.84,0x649c4ba3,2025-12-02 21:22:14.826328+04,16c4be2e-1257-475b-aaf5-540309728312,dbfc0265-a7ea-46a0-bd5d-c692724b7823
f356565c-4640-4d62-83cd-875b0bea796e,469.26000000,0.93,0x48b63512,2025-12-02 21:22:14.826477+04,bb492984-bd52-48e1-a9e3-5465cbd7bf78,d59bcb69-29eb-4c4b-ad07-c648b3df9ca8
1fd033ce-d021-409a-9fb0-b97a238dd9e5,145.52000000,0.76,0x65888bcc,2025-12-02 21:22:14.82662+04,59a192de-977f-4b99-9aa4-88c191b5fd51,9678aa31-c9d1-488e-a75d-cc40a1b4bc04
94225fdd-858e-41fa-a9a3-c119538b16fa,484.67000000,0.64,0xf6d7f4e3,2025-12-02 21:22:14.826767+04,cdd5ab21-a11b-4cad-b3f0-586899669f6f,93dbfcb0-0470-408c-97e2-ee5e07686971
0de3ad1c-5235-49eb-8d86-1cf669b6b606,107.64000000,0.92,0x11cea31b,2025-12-02 21:22:14.826916+04,89065879-c933-41c2-8548-28819022205b,a2e28012-aa86-41d8-85fb-721f0c69059f
e980d7b0-8962-440c-9737-9c0699e9af5f,332.78000000,0.74,0xfa14aabf,2025-12-02 21:22:14.827063+04,fd2b5903-44bd-41fd-a26c-a8bb81cd4dbf,9d991a22-418b-4792-b692-1fe155775761
46f3a9f5-756d-4ee6-b34a-efbe05c95cd0,393.14000000,0.53,0xafb43721,2025-12-02 21:22:14.827211+04,59a192de-977f-4b99-9aa4-88c191b5fd51,e8471d2b-8bc3-442b-8b9c-6858acd254ef
15a5cc64-232b-46d5-a241-828a78a5dad9,288.93000000,0.93,0x336df40d,2025-12-02 21:22:14.827355+04,6e6c6a30-96ab-4938-a42e-d4769d962f08,b49774c0-14c9-41b9-be18-5c58b2f77d0a
3fe8523c-790e-476e-918e-3a3457eb9478,358.21000000,0.97,0xd5847d2f,2025-12-02 21:22:14.827499+04,89065879-c933-41c2-8548-28819022205b,78a39ede-94f4-4131-8e0e-cd6dced1059e
6d8e4416-1bfb-4f95-a816-35b35f7571fe,269.39000000,0.85,0x410de062,2025-12-02 21:22:14.827645+04,16c4be2e-1257-475b-aaf5-540309728312,9678aa31-c9d1-488e-a75d-cc40a1b4bc04
f7967579-99bc-4b8e-b254-7392f968cd6b,329.65000000,0.74,0x928d10c3,2025-12-02 21:22:14.827791+04,38c902eb-bdce-4125-8ea8-94a2dbcfe0f1,9d991a22-418b-4792-b692-1fe155775761
abc18006-c6a0-4940-87a7-a7f72d13fff3,499.08000000,0.93,0x5b2b8ae3,2025-12-02 21:22:14.827937+04,31777133-e122-4a89-9074-b8f6512c8671,b49774c0-14c9-41b9-be18-5c58b2f77d0a
22121924-ca13-4e64-8642-3c77918d3711,429.07000000,0.92,0xbedade38,2025-12-02 21:22:14.828084+04,46232977-d53b-4523-8048-f8420ccb9a22,9d991a22-418b-4792-b692-1fe155775761
7065ae31-5b9c-4de4-9ab6-1a056c8dc227,488.44000000,0.98,0xb51a56bd,2025-12-02 21:22:14.828222+04,12380bf9-59ed-47b7-a2f2-067203ab3e99,fde4181d-e1a0-4f02-89bd-aeeecc2fc858
9864eef2-ee11-4337-88a6-1e12232cee3f,265.69000000,0.72,0xa9cc5b37,2025-12-02 21:22:14.828494+04,6e6c6a30-96ab-4938-a42e-d4769d962f08,d1c9cc05-2ad5-4b37-a437-7d48427cef7e
68ac92da-0fb3-4556-96a8-da1364f942cb,44.96000000,0.53,0x7f0d5954,2025-12-02 21:22:14.828641+04,7cbf338e-50e8-4283-a08c-0201d820252a,dbfc0265-a7ea-46a0-bd5d-c692724b7823
1afb3d9e-de14-413b-a5d4-0ad190faec59,304.95000000,0.76,0xebfd19f9,2025-12-02 21:22:14.828777+04,59a192de-977f-4b99-9aa4-88c191b5fd51,a2e28012-aa86-41d8-85fb-721f0c69059f
a509cd3b-125c-467d-9542-7246d2e466a7,307.72000000,0.73,0xca190451,2025-12-02 21:22:14.828913+04,cdd5ab21-a11b-4cad-b3f0-586899669f6f,fde4181d-e1a0-4f02-89bd-aeeecc2fc858
2ffb5465-176b-4c1b-b023-08f9e7e282a2,276.24000000,0.93,0xf956e31f,2025-12-02 21:22:14.829049+04,7cbf338e-50e8-4283-a08c-0201d820252a,9d496a90-c650-42b3-823a-27be5be5aac7
a8e80e0d-07e6-4d07-9c38-f4271fe10b7c,202.40000000,0.55,0x7a9f47d7,2025-12-02 21:22:14.829184+04,f079b562-f71c-4a02-9a2d-aa86da90e3d6,ec31ea68-643a-4ee9-8996-ebe6808efc75
95628e8c-95f4-417d-af3a-01e03a4484a5,182.74000000,0.68,0x1b906665,2025-12-02 21:22:14.829312+04,16991a51-e937-4d98-8c60-9668f49afa00,73663751-66d3-4433-acce-9641baa3191c
94ae919d-4494-4276-97c9-962587c3b6a8,226.88000000,0.65,0x1ec602e7,2025-12-02 21:22:14.829446+04,89065879-c933-41c2-8548-28819022205b,84ff3b0d-6d0a-41c0-b697-2d181ddf9aae
c6c47608-abc8-495d-85b0-411d8f40da49,244.63000000,0.95,0xa556f274,2025-12-02 21:22:14.829584+04,c9d7d24a-a176-4e63-a00d-0bf932d564cb,9d991a22-418b-4792-b692-1fe155775761
5fe2ff7b-d974-4623-9953-f5bfa4d98eca,17.93000000,0.98,0x1c292a8a,2025-12-02 21:22:14.829719+04,7e04263a-dcdf-49ec-9c82-f3a2705301d1,d1c9cc05-2ad5-4b37-a437-7d48427cef7e
71179c1a-21e0-463b-b8fd-dfdf0d32c8c9,7.99000000,0.94,0xca1503f4,2025-12-02 21:22:14.829857+04,7e04263a-dcdf-49ec-9c82-f3a2705301d1,bf6df7bb-506a-400f-b907-e8f4f4f97807
a8a64ac7-458d-4cb1-a6c0-062a4e67150c,373.06000000,0.65,0xcab03d59,2025-12-02 21:22:14.829994+04,6e6c6a30-96ab-4938-a42e-d4769d962f08,aff393a0-cdf4-419b-9c24-95bbc84ff487
67447bda-dee6-491f-9950-90f8ab4e4be1,339.22000000,0.75,0x2a40daaf,2025-12-02 21:22:14.830127+04,31777133-e122-4a89-9074-b8f6512c8671,9678aa31-c9d1-488e-a75d-cc40a1b4bc04
a17fb9f7-011a-4387-82dc-f2e0e446f0ba,826.34688505,0.1,d47375087d6753f43136ae4dfd57ad0bb2c43542a6c0eb45920e2e77ecb1a9f8,2025-12-02 21:44:46.641586+04,304c1ed3-b65f-4e5f-b46c-09a340b75868,8f6718f7-543f-4b6f-8f1b-a31c6e713f3c
387dafed-6436-448f-8839-8993bfec8192,582.49660948,0.84,e37bb1bafd0b7b474257c8d2f86ae4161acc42a42bb670f12ceb2324d00b733e,2025-12-02 21:44:46.642019+04,304c1ed3-b65f-4e5f-b46c-09a340b75868,9d7d6de2-71d2-413b-9743-41ee00a2e44a
25357b2f-3f19-49c3-93e4-6fd7e72e9841,314.58496769,0.23,bf5b600e26e079cfc8f810e57bf72b18c89e5a235bea86eeff11cc51959c5458,2025-12-02 21:44:46.64225+04,146957a1-2d48-4357-9cfb-c62cfb5df4c6,7a3ea59f-2771-4f91-a230-433792f01bf0
3617bcc7-3928-40fb-9597-f6eb737ef266,745.81890037,0.76,45f634ba26087d309d54827dfa3a77558e24f71a406f4d7df31db0d0a78986c6,2025-12-02 21:44:46.642481+04,1425aa58-aff5-4ed7-a454-7fcac7a47f43,8ace70b8-6053-475d-b1ae-7ae0ec07d157
8c937734-0843-4b4a-8ddc-e07a04672cb6,328.43656487,0.51,89b74e05ec09779af9769eb25ee4bbfce560c1f5fb57dc55891c18a9d074fe79,2025-12-02 21:44:46.643171+04,1425aa58-aff5-4ed7-a454-7fcac7a47f43,ad55b259-4324-48e7-9aa2-e7e8b1469593
b81f8e82-e85f-4615-b1e8-ec04ea00a8af,874.11128054,0.47,975ecaeb6c9f9471478ba8e1734d7d81482c50119453406656fcda315917f93c,2025-12-02 21:44:46.643366+04,146957a1-2d48-4357-9cfb-c62cfb5df4c6,acc6ed8f-d81e-42de-b4db-bbfdf45682ec
7419e55d-17eb-4ebb-ac46-44273d2976aa,886.23509465,0.17,7d13ba59474f33775dc55186835af952cdf2b6fd9440f4543ef8a647f6367221,2025-12-02 21:44:46.643511+04,304c1ed3-b65f-4e5f-b46c-09a340b75868,7abe12e3-822d-4715-bc51-8ec6fd3ff80d
419e97a1-388a-4f0f-bcca-8fed9b042aea,872.26166758,0.97,061f5194285f3f93b859b53f7b9ce9bca74961a9b8bed7de3c28d00fbda60a3e,2025-12-02 21:44:46.643654+04,b1475c81-6a0c-44c8-bb4f-8cc3b84ec413,6bf9a411-33bf-4890-9d6c-7895bf044290
27582943-7158-470f-9387-76b5bd13c78c,614.78653159,0.21,ddc8b4fa422ae744cb171aa3af1bb6519627822b5f2bdd00355f4ccda32247a2,2025-12-02 21:44:46.643788+04,696e4ba1-94c0-429a-a4de-926b60cff2de,a9547d9f-73e9-4cc8-9bae-17ed15f03dde
7b71e6b8-44dc-4db4-8c6e-fef7415fac4d,448.11002933,0.72,58fcf946c2178f05473ad8f571426435a75d5920ffbd340048d25634d2aaa5d4,2025-12-02 21:44:46.643944+04,696e4ba1-94c0-429a-a4de-926b60cff2de,b8914621-a6e0-458d-97c8-1cc7bb712085
3c281d40-e082-4d21-96c5-1e1ba3a01fb8,194.51492362,0.17,178f0fb406d541ed7a03a234bafbff73172d53694fbdaab3bec871ea6a67424d,2025-12-02 21:44:46.644102+04,301f6484-137b-4c8a-a80f-4bad0c31fbbc,1e30bd50-c307-4079-ace3-ec42a957372f
99274ffe-3f60-4e97-b02e-efadcc244cf3,553.59406012,0.87,f1882c0ea8fd893a2e9380824ca807c7482ce0c22e818f9c4cac74581997a3c5,2025-12-02 21:44:46.644261+04,146957a1-2d48-4357-9cfb-c62cfb5df4c6,acc6ed8f-d81e-42de-b4db-bbfdf45682ec
a1078b54-718b-45f2-9b1d-91129c64e198,310.07619889,0.95,da5fc09d4350c93859d0e9567f18f5fca8f2d9bc9f21389bdcb44387b92f7ea1,2025-12-02 21:44:46.644419+04,301f6484-137b-4c8a-a80f-4bad0c31fbbc,b8914621-a6e0-458d-97c8-1cc7bb712085
a24fe315-070d-42f6-aa32-303c0f55ee83,968.06893825,0.48,57eb6144c2a4b77448e79de64592ea255283813d16b44596bfdc686f2bedce27,2025-12-02 21:44:46.644577+04,301f6484-137b-4c8a-a80f-4bad0c31fbbc,4fa869ee-9174-4454-91f6-5948286badf6
b46a72f5-1620-4378-bd43-ebce05243440,889.38059971,0.53,5def171ca86ea0b18a21bebb82d4726dc9d71d8a0e484a45b47e85f769cbf6eb,2025-12-02 21:44:46.644732+04,304c1ed3-b65f-4e5f-b46c-09a340b75868,acc6ed8f-d81e-42de-b4db-bbfdf45682ec
dda9af64-605c-4603-874f-07de57551817,914.04717168,0.61,2c9d08e22fb0669a01d8e3a492a7918fca3c75b428c7763f03059210f0dc7206,2025-12-02 21:44:46.64489+04,c7fe865c-9939-4d25-886e-5f2d068e6de4,045ff61d-c031-4f6b-a8e0-1e141f0ee938
39d8dd99-8e80-4ef7-ac45-7b2c1ae105a3,355.62387089,0.89,71d46de3091c398346edf3bae970bddff0c8b9d8b917b08fc091487410877c64,2025-12-02 21:44:46.645045+04,9719ff6f-8188-4c1f-aa27-4f1d21106015,7a3ea59f-2771-4f91-a230-433792f01bf0
e29e0385-30e5-4cd5-910d-3f74d9beda53,671.15331886,0.92,218ee7c9aa0b7b6f5bec6d631339e80068d162495190c0aa962804788a90eac5,2025-12-02 21:44:46.645202+04,31e6d727-17fa-4408-b4c2-4bf880d01876,8ace70b8-6053-475d-b1ae-7ae0ec07d157
0d8e1d7b-eea3-4e5f-8c42-76f7164a64b1,251.89069946,0.74,0deb7e971f0013849f8b47113dcff3b10bf9c1e9d298b50d2c833b68443e04d3,2025-12-02 21:44:46.64536+04,1184f41e-c73b-4e35-b60e-6a21c32d83d4,14db054b-b901-4b5d-9fe4-b5a5cbd5be06
24745363-2979-42d5-afb6-5a07fae706a9,980.55551350,0.76,83c50868dda23af20b3b3639cfa1dcb7f56deebb37df20ddc247c1b08ed892c5,2025-12-02 21:44:46.645515+04,f7b36bc7-d94c-4c7d-83c9-d5bc75dc5ced,ad55b259-4324-48e7-9aa2-e7e8b1469593
3ff0dee1-f9a4-432a-a8e6-e3b84d8f5c47,211.32000367,0.6,64af48e2ed80e3dc8b6c493fdd08a1b4eed59ce48390a1d239fcfa61d9d76d96,2025-12-02 21:44:46.645668+04,146957a1-2d48-4357-9cfb-c62cfb5df4c6,14db054b-b901-4b5d-9fe4-b5a5cbd5be06
98f43a71-f790-486e-b00a-f11916b11da2,546.00063150,0.18,11b1be99942eba742a20722cd4776304cf3088770bb40455ecbdd6865702a6c9,2025-12-02 21:44:46.645823+04,304c1ed3-b65f-4e5f-b46c-09a340b75868,75e8ce02-cdcd-48d6-907e-a7c5958a8e55
b62aae0b-e087-43fc-8f45-44aedca1e436,654.31653154,0.12,f6aed56649e4e664fd449aa07f35e9596c2374222ee47b2348b510306148093e,2025-12-02 21:44:46.645989+04,f7b36bc7-d94c-4c7d-83c9-d5bc75dc5ced,045ff61d-c031-4f6b-a8e0-1e141f0ee938
4a8ced33-397c-4a9d-aeda-c6dc0207cb4a,450.46926014,0.91,271c2fae9c99185e42319859eb2bb22c5486e159c96522a890266f4f0bd3989d,2025-12-02 21:44:46.646144+04,f7b36bc7-d94c-4c7d-83c9-d5bc75dc5ced,4fa869ee-9174-4454-91f6-5948286badf6
956e6665-3482-46b5-800e-ee98c71f05e5,665.26552197,0.55,2ba37128b5872a1f28b91ee75b4c709d5f130bfceba052910882be0708463cf6,2025-12-02 21:44:46.6463+04,1425aa58-aff5-4ed7-a454-7fcac7a47f43,ad55b259-4324-48e7-9aa2-e7e8b1469593
719b8a4e-cd53-4a4e-8fb0-883b6f94d3c0,786.93173052,0.21,524d948ffa7bf9dee0817a9ba353de396c91d571531f774b7328cfc4086d4603,2025-12-02 21:44:46.646457+04,31e6d727-17fa-4408-b4c2-4bf880d01876,032edc0c-774d-4ad8-852f-26234f9d7aa3
1ff3fbbd-0074-4716-8732-6748fadd480e,833.13760707,0.84,683dbc1ea32f7dd58152f03cddaf7aa8eed79dc33d49e4d33ff454cc4106f86c,2025-12-02 21:44:46.646612+04,a31a49c3-280b-408e-8116-027a638f5a22,045ff61d-c031-4f6b-a8e0-1e141f0ee938
abdeb1d5-6cc3-4323-b698-11a3b14c7e28,467.62139350,0.64,33eb7327468bbbc75af7fe0170375519a745bb975fafc8df1dbe7764357a617a,2025-12-02 21:44:46.646767+04,b3732da3-2b96-448f-83e0-08fcdd6b7323,045ff61d-c031-4f6b-a8e0-1e141f0ee938
1353162b-b4aa-4cc3-b20a-73452a6f54b6,160.99027985,0.01,d0d0607b101d4c37ed3032425da3319d7b4eae00eea6e92d8cacd85e91c12eda,2025-12-02 21:44:46.646998+04,31e6d727-17fa-4408-b4c2-4bf880d01876,9d7d6de2-71d2-413b-9743-41ee00a2e44a
db3cf2c2-b529-4eeb-9cdf-55195e63f7fe,202.53504376,0.57,e5cdf4cecc18d0e340f25f0025db74b945c12ee74191d94f3580e9f42dec8c12,2025-12-02 21:44:46.647681+04,304c1ed3-b65f-4e5f-b46c-09a340b75868,75e8ce02-cdcd-48d6-907e-a7c5958a8e55
488b81a5-463a-4a2c-a001-a6c3e191bb70,782.85483554,0.44,51053c647dbb0c47c35aae02c4d3fb7b1d1bdd7bdb614c594dba83c03e37ce2d,2025-12-02 21:44:46.647854+04,146957a1-2d48-4357-9cfb-c62cfb5df4c6,4fa869ee-9174-4454-91f6-5948286badf6
2b01c811-2e56-462c-aacc-3fa3526d3c51,889.68533816,0.29,896cb09891807958032e4419bbbe7d3a61fe626df74543ea39d8ab4c1a21bc3c,2025-12-02 21:44:46.648028+04,c7fe865c-9939-4d25-886e-5f2d068e6de4,9d7d6de2-71d2-413b-9743-41ee00a2e44a
54d03652-9303-4aa0-a753-ff5265834d25,592.64390016,0.72,ce8b02cd3abc134baf115f2066843c8e6461e2e42757032d2cbd82058eb2dd78,2025-12-02 21:44:46.648193+04,146957a1-2d48-4357-9cfb-c62cfb5df4c6,4fa869ee-9174-4454-91f6-5948286badf6
fe5cf07d-8c76-4d71-b6ed-540fbf643f4c,745.02099304,0.87,fd3ee9b656eba674804f5eb97f0993576183756ae97cbdd4ca3b376a18892982,2025-12-02 21:44:46.648361+04,a31a49c3-280b-408e-8116-027a638f5a22,81e046fb-79d1-467c-8a28-493a49296de9
96831628-fa8b-4afb-b009-db773dc694ad,288.82377337,0.64,41fee9ff9d167e7417a7808ab3a43dd58349ee2cb8500486c9882e39cee12462,2025-12-02 21:44:46.648523+04,c7fe865c-9939-4d25-886e-5f2d068e6de4,acc6ed8f-d81e-42de-b4db-bbfdf45682ec
fe7be360-bb15-4fad-9232-8a26011c8481,874.37286302,0.11,6912a1429bc07a4b9ffc8a3bd6dbd70cdc5a7cd1e0eb56d5460ebc8af4d8a715,2025-12-02 21:44:46.648684+04,304c1ed3-b65f-4e5f-b46c-09a340b75868,4fa869ee-9174-4454-91f6-5948286badf6
2ca31c05-4a8e-4e4b-88ed-e80917ca8eeb,661.15121718,0.9,f1678a590548d2110da368da11529e7548705e0a94dc3d50c59cb02570ab890a,2025-12-02 21:44:46.648843+04,146957a1-2d48-4357-9cfb-c62cfb5df4c6,75e8ce02-cdcd-48d6-907e-a7c5958a8e55
919232f7-de1f-4d96-bc0d-dcbcb5fac102,127.69897969,0.56,61085c9a5ef24b32170c4898600460efeabf604e893369ae0b8b4a50fe1116cb,2025-12-02 21:44:46.649004+04,696e4ba1-94c0-429a-a4de-926b60cff2de,ad55b259-4324-48e7-9aa2-e7e8b1469593
592b0a0a-7c5c-44f4-a04d-4350a89be466,281.62117316,0.16,fc645a09000864eb1c5162e150aabc6999c0b33e35e7796b339f7761b31019ac,2025-12-02 21:44:46.649171+04,b3732da3-2b96-448f-83e0-08fcdd6b7323,7a3ea59f-2771-4f91-a230-433792f01bf0
89492811-25d1-473e-b4ed-60edcabc847b,403.24231460,0.6,d00c64dd0c75e9436dd19dad320c3a0600df1c7f482c11cd589ba7770cea8a2c,2025-12-02 21:44:46.649337+04,a31a49c3-280b-408e-8116-027a638f5a22,7abe12e3-822d-4715-bc51-8ec6fd3ff80d
3fff6532-970b-4fef-a072-e286858dbb23,967.73021525,0.97,60454d73fdbdd4db30c5e87c1a8a6569de82b51c8ea6433b231c376bf6264e60,2025-12-02 21:44:46.649485+04,301f6484-137b-4c8a-a80f-4bad0c31fbbc,032edc0c-774d-4ad8-852f-26234f9d7aa3
6a5a2038-d016-4587-8a2e-4d17b76ac2e5,187.65211849,0.44,56ec8c0d25ceda4b27b1e58cf038f5c6898891b3e65a8d96b2439110b6fced9e,2025-12-02 21:44:46.649629+04,a31a49c3-280b-408e-8116-027a638f5a22,6bf9a411-33bf-4890-9d6c-7895bf044290
384440b0-afb1-455b-9c66-a50bc617a02a,333.82254545,0.66,d06cc059fed051bbb1fbde3b78d567f95dc2b1dc600ee01581bb0a1de32b8b02,2025-12-02 21:44:46.649768+04,31e6d727-17fa-4408-b4c2-4bf880d01876,80eb17f0-6297-4494-a473-f1850087ba87
e53acf59-f6d5-43b3-9ecb-97b91b608b15,811.77683271,0.23,65dfa9d77e253bd9ea121c8cd5c99bc886505282ce5feddb2fbb703e315de07e,2025-12-02 21:44:46.649905+04,f7b36bc7-d94c-4c7d-83c9-d5bc75dc5ced,7abe12e3-822d-4715-bc51-8ec6fd3ff80d
77a32970-62e9-48ca-8df9-0a6e8236220d,308.18133458,0.24,6102e8cc7ee23df9c28e955af51aa7743ec08ec8bb055539e4e73afdd59e017d,2025-12-02 21:44:46.650041+04,304c1ed3-b65f-4e5f-b46c-09a340b75868,79f49ee4-bfd9-4805-b125-8e80111dba1e
e1ca7507-df35-4e3d-ab6d-64167efca383,458.03966945,0.72,cd3820d1764e0741e105b552b0169af9c0506a75e4f3a7a34c1b74c3aab2bc1d,2025-12-02 21:44:46.65019+04,f8ca4681-a60f-493b-80dc-5699e77302a9,9d7d6de2-71d2-413b-9743-41ee00a2e44a
c9d970ce-b7ce-4a66-9a47-ba2e811a2466,429.74109501,0.47,7d0db12624c4fb598bdc75d677d2b491283714b6a314e96eba160a50e2953e65,2025-12-02 21:44:46.650349+04,b1475c81-6a0c-44c8-bb4f-8cc3b84ec413,032edc0c-774d-4ad8-852f-26234f9d7aa3
7749d830-0ac1-448c-a29a-ab50987cb3c2,652.20468309,0.91,2786892e80afc2856c4b273e725d5bee4600b8b302a25f60275ca4a4876334ba,2025-12-02 21:44:46.650561+04,c7fe865c-9939-4d25-886e-5f2d068e6de4,9d7d6de2-71d2-413b-9743-41ee00a2e44a
