payout_id,amount,tx_hash,distributed_at,proposal_id,round_id
e989cdaa-eeda-4e11-961e-279a321218d5,275.94914307,3bb214750364ebe92a03335ef863d2d4c845d8ac08d6ef588186559edcafa5c8,2025-12-02 21:44:46.657941+04,ad55b259-4324-48e7-9aa2-e7e8b1469593,7a4afc94-9d7f-46bc-b7ac-51d84a5048bb
3c9e8fb3-e035-4ed4-940a-af0bd69f2be6,284.69889302,45cc094137314d16b3552816b2db0e621c38c55420c1c81660a0d42661578800,2025-12-02 21:44:46.659275+04,7a3ea59f-2771-4f91-a230-433792f01bf0,58401630-8233-4b24-8e2c-c73694f0377b
d845ffe4-7c25-41ee-802f-3f2a35149a18,330.22904642,ad340bd227c71bb157ab73f60b15bf4d5f851de93464e3555e366192971548e8,2025-12-02 21:44:46.65945+04,9d7d6de2-71d2-413b-9743-41ee00a2e44a,a5ce48f0-1afe-4354-acee-8cf88d0bed13
e1f4df4f-9ec8-4bb9-8ecd-39a625c94c4d,24.21981829,d47510b2761d3cf80242514a69354b48459b49195d2b3f9c0f84ebd9c422f098,2025-12-02 21:44:46.659623+04,79f49ee4-bfd9-4805-b125-8e80111dba1e,55c92e03-0591-49d3-a0f0-16e237a332fd
5ef1ffc3-7f58-45a4-8cd3-4eeae58bc061,276.30424476,e4219d54ecd86170eb2134346c44ed00d49fa3d61180640ed76bfd827889ae1a,2025-12-02 21:44:46.659794+04,8f6718f7-543f-4b6f-8f1b-a31c6e713f3c,a5ce48f0-1afe-4354-acee-8cf88d0bed13
7f3d9d8e-933a-47ba-85c4-1c1222cd6a73,417.85774632,6d59aeac9193c6b75ad49982e2d3f55df484d477997cab12f555dfe6dece7b3a,2025-12-02 21:44:46.659968+04,14db054b-b901-4b5d-9fe4-b5a5cbd5be06,55c92e03-0591-49d3-a0f0-16e237a332fd
ae696992-39c0-416c-a22f-0cff7da451e1,222.63488536,cec39c85932dd38cf4caf376e6e9d512b99115266de4cd6ea6da1cc79bf5de1b,2025-12-02 21:44:46.660137+04,045ff61d-c031-4f6b-a8e0-1e141f0ee938,15808a08-6f32-4da1-9356-462f1cfa2525
b09f09b8-13c5-4b38-82ab-e0bef7f66e0e,271.42575058,94d7534ad8925c99dbbdeec7d4c305806da17193568e3835fb7db7c222f62ffd,2025-12-02 21:44:46.660294+04,6bf9a411-33bf-4890-9d6c-7895bf044290,58401630-8233-4b24-8e2c-c73694f0377b
e2260ebf-e1b3-45df-bcc8-13ac2d87468e,350.42654355,c6b6d81cc5088fbf76c6fa96b023697781ebbf4f743ea28a55eaade38e9897d0,2025-12-02 21:44:46.660449+04,7abe12e3-822d-4715-bc51-8ec6fd3ff80d,55c92e03-0591-49d3-a0f0-16e237a332fd
27953fd3-7689-45b9-844b-d2c5f0bc66fc,337.74833159,0ccffd0f5220565b737d5ed1f6bcc8bf7360175f3d8bc073652515abbdec440d,2025-12-02 21:44:46.660884+04,b8914621-a6e0-458d-97c8-1cc7bb712085,488cd1f6-bd4f-4a6e-941e-1c588010b991
021322a0-37f2-4381-b8a9-48d87c19ed32,20.74336335,86fe8173cfe001be2beb934d4b71c53dbc8f12b6ed66ad092c295a8e392aeea4,2025-12-02 21:44:46.661079+04,032edc0c-774d-4ad8-852f-26234f9d7aa3,15808a08-6f32-4da1-9356-462f1cfa2525
ca0de0a0-3916-4514-80fa-67c020847cbd,177.42708711,8b3e6dd3023304146b9f4952009f011b71ff77d476f728454df38fd826273adc,2025-12-02 21:44:46.661219+04,80eb17f0-6297-4494-a473-f1850087ba87,7a4afc94-9d7f-46bc-b7ac-51d84a5048bb
3c70adde-a242-45d3-91d6-f8052a4632e0,134.97676046,01994b0c8f9e52bb9f20e6a72bf9b6d61cd85b4cb00331a21ca5f1e6aaba66e5,2025-12-02 21:44:46.661373+04,acc6ed8f-d81e-42de-b4db-bbfdf45682ec,a5ce48f0-1afe-4354-acee-8cf88d0bed13
e27a00b5-ccfa-493b-8ee9-315d996eb13e,245.91910097,0fe399668013ab46d8197f3f5e8d6bd10035a1f5f0b7f11924b569821073bbff,2025-12-02 21:44:46.661551+04,8d0daec9-e0e6-46a6-9500-8bd5a5fcf206,a5ce48f0-1afe-4354-acee-8cf88d0bed13
9c48d3ac-dec9-4f90-9933-f892342f8465,423.02447228,6cabecd9081c0def7800a76283f4287274f2c2d2bf36bf804ff195f41a8d50a6,2025-12-02 21:44:46.66171+04,4fa869ee-9174-4454-91f6-5948286badf6,7a4afc94-9d7f-46bc-b7ac-51d84a5048bb
0e8c29cf-a955-48bd-8777-104d3cedbc48,475.59089883,d1799de8aaba8489458d4caca7762f73e5a6b5dbfd0366cd70b56da52ee24653,2025-12-02 21:44:46.661848+04,81e046fb-79d1-467c-8a28-493a49296de9,488cd1f6-bd4f-4a6e-941e-1c588010b991
89879172-4d58-49c6-bf05-19f6563f4c79,72.78268833,407b0451154e0dce988655269ed1de4e77b2b12541a32cb040894053969d6de8,2025-12-02 21:44:46.661992+04,a9547d9f-73e9-4cc8-9bae-17ed15f03dde,55c92e03-0591-49d3-a0f0-16e237a332fd
e08c6cd7-be6f-42ef-aacd-b65f43a92d26,210.80526632,f89801cc0aa61c899d63b21dd97484f05b22c39bece2ef687aa0154569b4bc1a,2025-12-02 21:44:46.662128+04,1e30bd50-c307-4079-ace3-ec42a957372f,15d7b864-c257-453f-a683-ee719a5a1c67
9a8a96e5-8ee7-4748-be7c-1439f361c559,436.91140726,a4d1e59a9ee28898fc6da710f7fafaab9c43711337e1959d0db2291313e780c0,2025-12-02 21:44:46.662285+04,8ace70b8-6053-475d-b1ae-7ae0ec07d157,15d7b864-c257-453f-a683-ee719a5a1c67
53614a9e-079a-46ad-8649-65cd2e01a8bd,438.80778089,a865b15c3ab04a83ee0159e5dc811f80ea6fe028d6506989b4d7da1157dc1be5,2025-12-02 21:44:46.662437+04,75e8ce02-cdcd-48d6-907e-a7c5958a8e55,488cd1f6-bd4f-4a6e-941e-1c588010b991
