id,name,created_at
b3cbdd83-e0a0-48cf-b2c7-8c41f7b29d09,qfresult_0,2025-12-02T17:57:58.938583
a3e7f0dd-ab09-4777-9a62-b54ea76a53ce,qfresult_1,2025-12-02T17:57:58.938599
721bd389-6fc7-40c6-8e5b-c11d1864d5e1,qfresult_2,2025-12-02T17:57:58.938607
cc74c29b-8806-40b3-8dab-779f6c03f5e9,qfresult_3,2025-12-02T17:57:58.938619
e8d305c0-b448-441d-89fa-988d58ad9171,qfresult_4,2025-12-02T17:57:58.938628
33a1ccba-554d-4d00-b901-85e3656560bc,qfresult_5,2025-12-02T17:57:58.938635
0aa1966d-98df-4b70-84c1-c1c7e37ef7a0,qfresult_6,2025-12-02T17:57:58.938642
aecebb79-3754-4560-b5b0-fd7cb2165446,qfresult_7,2025-12-02T17:57:58.938649
90bd3112-4c8f-496b-994f-477251f15f30,qfresult_8,2025-12-02T17:57:58.938655
e87f2ab9-68a2-4851-afb5-6d5603b0c4e3,qfresult_9,2025-12-02T17:57:58.938662
