id,address,created_at
dc460238-3d94-4ba8-a2b1-0c11712df056,0x432c5118a65b4cc6a05597a0c90ff17d,2025-12-02T17:57:58.920973
9c7c81bd-4d57-4235-9ecc-4bbf07b79b21,0x31c67246db7b492ea51c9761b1af9743,2025-12-02T17:57:58.921030
5d9a5a47-b661-466b-abab-f51dbb2c029a,0xe7025f12360b401f8f9159a02c3500ca,2025-12-02T17:57:58.921046
2a894655-81b8-4be9-9438-c45be577faff,0x503536ac1f72422a84d14782d3bfd980,2025-12-02T17:57:58.921059
3113c636-8556-4f72-999f-62671f13ee27,0x1359e1c9c66a4f92b34da793b395f7fa,2025-12-02T17:57:58.921069
3d464cad-7cbd-466c-ae9b-1749549cc1c2,0xa4d1af88e36e4cc1896b47e56a19b6d7,2025-12-02T17:57:58.921080
dac0d37e-fdd0-4275-b943-698ab8a5906a,0x2857d9a7ff68408b9299e2097f93fde3,2025-12-02T17:57:58.921090
10548bf8-c545-45c6-9cd7-10dec207b3cf,0xb8836f4973ac487f987b0571497532df,2025-12-02T17:57:58.921100
89197596-1441-4747-990e-f6b7286c47e8,0xa1b64708c6c84e859dd3a38cbdbb56b8,2025-12-02T17:57:58.921113
f8ea8a5a-b747-4e1b-a988-a5dd10a817ea,0xa2c8524c7ca544e8a84a115cdb8cdd9d,2025-12-02T17:57:58.921124
ada809a0-8532-4d59-ac44-af408984d692,0xfa595ce9950a40c7a8d5422f2455507f,2025-12-02T17:57:58.921133
872ead2e-4f94-48e0-8412-9408daae2d3d,0xd484d0574d0c4c4a9f4629479516ee4e,2025-12-02T17:57:58.921143
e6c96b43-7b4f-4523-bf79-275641a82589,0x708c2d979f38482d8ee91b13fad6a631,2025-12-02T17:57:58.921152
a1f2fd39-28a2-41f3-997e-322053f87710,0x7d8523d0422b4ba19eb838766cf5b299,2025-12-02T17:57:58.921162
b4bbb97b-c84e-4327-a372-20a9d716b04c,0xad47380a95ac47fd9ffb895bb8b842c4,2025-12-02T17:57:58.921172
c5110451-c03f-415c-b092-5afb9b913f07,0x53ca66ae9c31483abcb838e3f8106f53,2025-12-02T17:57:58.921182
0601e1f1-808e-4c00-be43-d4e00a67cc7f,0xb0313b1da70d46dbabb965e415370cf6,2025-12-02T17:57:58.921192
43a59316-537f-4ad8-b260-d08c836660a3,0xe63f7aabd8d54233a33dd805d1c3523a,2025-12-02T17:57:58.921203
dd58918f-eba9-42c3-8e70-d8b69bd198de,0x43b64bb9ddfc4fdd9593133bfe9686b6,2025-12-02T17:57:58.921212
f20abaea-7cb4-43ae-969d-5bf5f183c881,0xe2cbefeac6b64d6384ac718029598461,2025-12-02T17:57:58.921221
