id,donor_id,proposal_id,amount,created_at
cff2b520-4146-4daa-bfd8-a4b24f50d9eb,158b6707-f7a8-4511-afba-50d0c0f0b2b5,cff45df4-ca88-4574-9701-fde83d66133e,325.826649,2025-12-02T17:57:58.931416
e40081ce-5e05-412a-a9d5-d8be8e3f0b52,38834dc8-944f-468b-94a1-cf9d705a49b6,3c3f2d59-57fb-489e-b94b-f4b7a5f31aed,228.262344,2025-12-02T17:57:58.931476
fd03211d-2fad-4860-bdfc-e44cae9e6c18,fb2019cf-5bd0-4a46-a439-3b48941b5d79,cff45df4-ca88-4574-9701-fde83d66133e,54.612086,2025-12-02T17:57:58.931496
96c4eef9-a039-4a2b-9f64-e46b49434175,e55e049a-b302-4fdc-a74f-5efa9000a37a,b9777baf-0366-461b-91a7-8e3fc5bd813d,29.755964,2025-12-02T17:57:58.931510
391b5ee5-f7fc-4ba1-9090-f491c1b7836a,3a778e30-e929-4faa-b922-3f9974bbfccf,fdffd4fd-521b-4131-af31-a92268b96206,73.282947,2025-12-02T17:57:58.931520
775bfbdf-6e50-464e-a37f-e2e77e56165b,ab40b287-4c11-4aa2-ae97-b1eb3dfd5cf8,3c3f2d59-57fb-489e-b94b-f4b7a5f31aed,114.964406,2025-12-02T17:57:58.931530
6c0518a4-5648-427b-beb0-096f28925cbc,d8db4915-fc50-43cd-8530-508fe7eccac5,fdffd4fd-521b-4131-af31-a92268b96206,61.761016,2025-12-02T17:57:58.931540
50243756-c5c7-43c3-910b-1e6224e22e41,0dd9b309-4763-49b8-8a63-e23998ce0b3d,7771b3a9-e135-49b8-8122-b4777be09379,3.233064,2025-12-02T17:57:58.931555
75fccdce-1991-4d96-ae05-d1edec2023e8,243ab8ad-f85c-404e-8b84-2628d90f3814,fdffd4fd-521b-4131-af31-a92268b96206,42.544646,2025-12-02T17:57:58.931564
170b2e80-2671-4244-9300-0b77c9b76f64,913ce7d5-3aa6-4d4f-9f0b-883fe0af7040,ec0b9c6e-08b0-4f2b-8bc7-a2c5cbddee1d,67.0747,2025-12-02T17:57:58.931574
c1c884e4-a767-4cc4-92fd-f5ab1b4c4887,568d7332-cec6-4c88-a932-518ed8a75e8b,e8346120-6ae6-4e4e-88b2-53056f0f4a7a,23.521324,2025-12-02T17:57:58.931584
c8524901-2088-494d-bf7f-00e5157a3d52,ffd19da1-046d-4ccc-9f33-315aa3d62186,7771b3a9-e135-49b8-8122-b4777be09379,71.502391,2025-12-02T17:57:58.931593
65bb3bcc-fba7-455b-a48b-6a2c88f7d1cb,04119cd1-e56e-486b-bba3-7161e7cac1e6,b9777baf-0366-461b-91a7-8e3fc5bd813d,12.057544,2025-12-02T17:57:58.931602
44dd64ea-69fd-45bd-8258-642f797530dd,c1a38264-df07-4b7b-91fb-d340e7cba0e4,3c3f2d59-57fb-489e-b94b-f4b7a5f31aed,65.162433,2025-12-02T17:57:58.931612
01e0508d-7ca3-458e-ba16-55a5493af57b,9963fcc9-ecc5-4531-bb2b-4bce5b0776e1,28d213c9-a858-47f7-af90-331c521dc802,26.508462,2025-12-02T17:57:58.931622
be2ed11e-e0ad-444f-afe1-95ae7194d0cf,d6883361-0442-4c06-94ef-085af8ce3dd1,e8346120-6ae6-4e4e-88b2-53056f0f4a7a,6.95072,2025-12-02T17:57:58.931631
7d28d453-d8b4-4bc8-98be-1b1b93d31c9f,af1001a3-1b05-4ec2-8a2d-f44facb63222,8c9c9781-3591-4826-b399-2b4aa6037bef,30.26582,2025-12-02T17:57:58.931640
3d1a3fc4-f698-48e7-a87c-62a5dacd862b,9ff56bca-2d08-4f43-9447-e22c806246b9,e8346120-6ae6-4e4e-88b2-53056f0f4a7a,20.452789,2025-12-02T17:57:58.931649
94d3d675-aa8f-463d-9d89-ec2791f6f8b7,b4cfe453-ebd5-48df-8d35-6aba2eb108dd,e8346120-6ae6-4e4e-88b2-53056f0f4a7a,53.361101,2025-12-02T17:57:58.931658
684b1188-4d53-4e6f-9d26-8db0d7dcdc82,d0d1fb2b-5cd0-4b06-a472-923c3169e332,7771b3a9-e135-49b8-8122-b4777be09379,124.915447,2025-12-02T17:57:58.931670
c0453714-5fb3-4d79-a924-04816fe3a2fb,025bb506-1695-4749-8019-39b89d24ac08,28d213c9-a858-47f7-af90-331c521dc802,119.413846,2025-12-02T17:57:58.931681
17e7eb3e-413e-4a42-9636-0b01fbdc6edd,6d1fdf2f-775b-4ee3-bc20-a9789a94c1d7,cff45df4-ca88-4574-9701-fde83d66133e,377.549254,2025-12-02T17:57:58.931690
c2a3615d-1db2-423f-8e22-7c88234e4432,862e1e8b-e9a1-4aae-8f74-7e92c38c4488,8c9c9781-3591-4826-b399-2b4aa6037bef,71.796328,2025-12-02T17:57:58.931699
0367eda3-60d2-4505-a17f-9f949955c938,b4cfe453-ebd5-48df-8d35-6aba2eb108dd,e8346120-6ae6-4e4e-88b2-53056f0f4a7a,49.576043,2025-12-02T17:57:58.931708
0378c2c7-6109-4a38-8cb0-33900f036132,815b16b7-c431-47dd-9b8f-76f90c1ed2b4,28d213c9-a858-47f7-af90-331c521dc802,163.020311,2025-12-02T17:57:58.931718
be25c72f-76ee-4003-aa98-c8ec86706a7a,7bec3286-4769-42da-a69c-a3cb14d71b4e,3c3f2d59-57fb-489e-b94b-f4b7a5f31aed,30.342312,2025-12-02T17:57:58.931728
ee1037ca-2837-4aaa-9a6b-bcb3e697e66c,5e47f167-7420-4b61-9740-0bff51e8ca83,3c3f2d59-57fb-489e-b94b-f4b7a5f31aed,126.616833,2025-12-02T17:57:58.931736
dff0fc37-8b60-452f-8c30-3e74d84f3084,c32e8ff9-6cf0-42a4-a7f9-15fbd04c2054,b9777baf-0366-461b-91a7-8e3fc5bd813d,270.73529,2025-12-02T17:57:58.931745
7ff98cff-3975-4cfa-8874-f32ce9b4ef6b,ddb76ec4-2ac5-451d-93ff-3def918b0fe5,ec0b9c6e-08b0-4f2b-8bc7-a2c5cbddee1d,94.668396,2025-12-02T17:57:58.931754
6743c82c-7296-4e69-9065-96abf7a7f3c7,bed0d448-219c-4bf1-bcb1-1e03a1594fcc,fdffd4fd-521b-4131-af31-a92268b96206,44.747012,2025-12-02T17:57:58.931763
38c9bb09-33ef-4129-95c6-30418996c0ef,c27ab0c4-915d-4804-b135-ef8d1da12591,8c9c9781-3591-4826-b399-2b4aa6037bef,31.678116,2025-12-02T17:57:58.931771
77e5fe15-0cd6-4362-ae57-613e6bba2b19,d75fe0d3-ac91-4ac0-aa46-c47dfdd46b8f,fdffd4fd-521b-4131-af31-a92268b96206,154.769708,2025-12-02T17:57:58.931783
56fd5b1c-f277-43b1-b1bc-fe24824926d3,f188ae19-698a-4c14-89c2-13a794c7154d,ec0b9c6e-08b0-4f2b-8bc7-a2c5cbddee1d,47.710868,2025-12-02T17:57:58.931792
dbbecee2-7d89-4641-8dec-e356bbd3653d,9963fcc9-ecc5-4531-bb2b-4bce5b0776e1,cff45df4-ca88-4574-9701-fde83d66133e,18.24357,2025-12-02T17:57:58.931801
c07cd1fb-ebf3-4d0c-9c72-5f09d3cbc113,a66dba8c-dedf-4aa0-a178-9e2fd7ae4cc8,b9777baf-0366-461b-91a7-8e3fc5bd813d,31.354975,2025-12-02T17:57:58.931810
f3031e1b-ad30-4d92-8188-81f6fc83ab65,d00e2e7f-32bb-430f-9bb9-14a00fc0bf49,28d213c9-a858-47f7-af90-331c521dc802,71.227816,2025-12-02T17:57:58.931819
6afe15c9-cb8e-4d16-a61d-497155c370f6,7588c564-2436-4806-bf6c-236658266b33,7771b3a9-e135-49b8-8122-b4777be09379,34.50174,2025-12-02T17:57:58.931827
da528f19-9c6b-401a-8456-e660151ca7bf,14dd2190-ca72-4b8d-ae90-808e1efbb6b9,28d213c9-a858-47f7-af90-331c521dc802,123.328902,2025-12-02T17:57:58.931836
a7aeb490-d45d-4616-9bc9-a87e0cb6dd0e,55dd9ed6-1bcc-404a-8cac-aca67a346bd9,b9777baf-0366-461b-91a7-8e3fc5bd813d,171.969227,2025-12-02T17:57:58.931845
e25b42cb-ddd5-4d18-97f5-5c32491696a5,d6883361-0442-4c06-94ef-085af8ce3dd1,ec0b9c6e-08b0-4f2b-8bc7-a2c5cbddee1d,25.882541,2025-12-02T17:57:58.931856
86dfe049-0b0d-455f-8746-0df7683bd788,fce77f9d-02aa-4e74-9d33-6e01a031fbb1,8c9c9781-3591-4826-b399-2b4aa6037bef,80.501713,2025-12-02T17:57:58.931865
48a0da95-cbe7-42de-8794-9e34bf15a2be,c32e8ff9-6cf0-42a4-a7f9-15fbd04c2054,8c9c9781-3591-4826-b399-2b4aa6037bef,4.4953,2025-12-02T17:57:58.931874
22ac7a8e-3cb3-4bb2-8799-e78eb4b30cfa,f71a19f6-f194-4080-9f10-6c4837216655,cff45df4-ca88-4574-9701-fde83d66133e,78.205419,2025-12-02T17:57:58.931883
b04ed417-8151-4ff1-a579-e6b231684b60,913ce7d5-3aa6-4d4f-9f0b-883fe0af7040,ec0b9c6e-08b0-4f2b-8bc7-a2c5cbddee1d,43.984714,2025-12-02T17:57:58.931891
fb4500f2-db28-43b1-942a-92f95f2b149a,d8db4915-fc50-43cd-8530-508fe7eccac5,e8346120-6ae6-4e4e-88b2-53056f0f4a7a,28.273964,2025-12-02T17:57:58.931902
a63b735b-0a21-4b15-8283-1daa31f8847e,fce77f9d-02aa-4e74-9d33-6e01a031fbb1,8c9c9781-3591-4826-b399-2b4aa6037bef,136.824991,2025-12-02T17:57:58.931911
099fbfa9-d946-4c11-835c-7ed5252bc727,222cabc5-1d33-4e0d-bc16-4883b27b50a7,fdffd4fd-521b-4131-af31-a92268b96206,383.725709,2025-12-02T17:57:58.931920
69b15db3-0b49-47cf-8d49-49b9b9522cf3,34aa2405-1fb7-4c14-9892-b3e97e10fb91,ec0b9c6e-08b0-4f2b-8bc7-a2c5cbddee1d,155.255735,2025-12-02T17:57:58.931928
6dfdd4fd-310b-4269-b7fc-6420d67bfa20,c3a71f35-2817-4e7e-9f64-542cbe754796,fdffd4fd-521b-4131-af31-a92268b96206,7.913984,2025-12-02T17:57:58.931937
9082264c-30af-49bb-bf4a-cc60947fdced,c20b1870-0c69-4813-8d45-9e77fc94c3f5,fdffd4fd-521b-4131-af31-a92268b96206,42.872361,2025-12-02T17:57:58.931945
b01cc7d0-3504-4384-8c58-80f8252ef9d0,2e1f8a6a-9d46-4691-a9d4-e2c593e6b93e,8c9c9781-3591-4826-b399-2b4aa6037bef,7.785867,2025-12-02T17:57:58.931954
8080be4b-f554-4f12-ba96-951b6dcd8671,60e242a2-38bd-4755-9144-d0f74c7714ec,8c9c9781-3591-4826-b399-2b4aa6037bef,296.349629,2025-12-02T17:57:58.931963
cc9795ca-d205-4141-8e3b-c7f0f89b053e,89abbf7b-1a56-47ca-8c06-7920a235c47c,cff45df4-ca88-4574-9701-fde83d66133e,125.108491,2025-12-02T17:57:58.931971
978d532d-ab3f-4dfe-9687-ffed162278ed,787e7073-a8ab-44e7-8bf7-5ac0a5b049de,7771b3a9-e135-49b8-8122-b4777be09379,57.283589,2025-12-02T17:57:58.931980
86c32a26-39a5-4916-b7d3-85907c921a8f,5256c722-9e98-44bc-b1b1-609a79d62fe5,3c3f2d59-57fb-489e-b94b-f4b7a5f31aed,4.032475,2025-12-02T17:57:58.931989
7e26dc05-0685-4d4a-8339-cd8e53ff9a97,691feff6-5f37-4ab5-8a0c-4c9868845a5a,cff45df4-ca88-4574-9701-fde83d66133e,10.586038,2025-12-02T17:57:58.931998
7de12f34-a382-4074-b37b-6e571801fd05,9db6f63e-7d07-42d9-8001-ee061bc109c5,e8346120-6ae6-4e4e-88b2-53056f0f4a7a,218.45753,2025-12-02T17:57:58.932006
22cbbbd4-2607-4c15-b0ae-4c27de1131a1,c507bf30-4c1d-4ce2-a00b-960ef01b200a,db261497-de5f-4726-9825-802e0f56ac12,71.18712,2025-12-02T17:57:58.932016
fd1eeceb-531c-4406-bdef-d5474f8c5e0b,691feff6-5f37-4ab5-8a0c-4c9868845a5a,fdffd4fd-521b-4131-af31-a92268b96206,45.621782,2025-12-02T17:57:58.932024
40b3002f-d071-47e0-888e-56c708f54b53,d8db4915-fc50-43cd-8530-508fe7eccac5,28d213c9-a858-47f7-af90-331c521dc802,147.081465,2025-12-02T17:57:58.932034
35ee60df-93ee-45e5-bdcb-3e5567597d25,09ffb8e5-3e51-45c9-85dc-1c8679be6c6f,fdffd4fd-521b-4131-af31-a92268b96206,237.810038,2025-12-02T17:57:58.932043
71519cd4-058b-4c62-8fb5-665c67a1ee32,7a16b3d9-9425-4016-98fd-fab8213c5020,b9777baf-0366-461b-91a7-8e3fc5bd813d,198.316719,2025-12-02T17:57:58.932051
666c1353-7e78-4aa7-99f5-75cbe9ab03f0,7a16b3d9-9425-4016-98fd-fab8213c5020,e8346120-6ae6-4e4e-88b2-53056f0f4a7a,24.146712,2025-12-02T17:57:58.932059
b1b9d3be-88f0-4de4-9e91-517ed24c901d,38834dc8-944f-468b-94a1-cf9d705a49b6,8c9c9781-3591-4826-b399-2b4aa6037bef,134.238263,2025-12-02T17:57:58.932068
becc61c6-4bde-451c-9148-a96991549b25,04119cd1-e56e-486b-bba3-7161e7cac1e6,ec0b9c6e-08b0-4f2b-8bc7-a2c5cbddee1d,82.596927,2025-12-02T17:57:58.932076
b1d70e9e-3cdf-4464-a6bf-9b016fa9b68c,b4be8ae3-fab4-4e52-944e-bad2ef817cb4,fdffd4fd-521b-4131-af31-a92268b96206,5.073986,2025-12-02T17:57:58.932087
7e5a058e-80de-433d-870a-523bd6117dc7,9963fcc9-ecc5-4531-bb2b-4bce5b0776e1,8c9c9781-3591-4826-b399-2b4aa6037bef,201.053547,2025-12-02T17:57:58.932095
8952d694-2870-4433-ab75-61168e393f71,a5bb0231-8e2e-429d-a445-7aadf70754ff,fdffd4fd-521b-4131-af31-a92268b96206,54.695067,2025-12-02T17:57:58.932111
cfebe050-77f1-4357-978f-0acef14096c9,ffd19da1-046d-4ccc-9f33-315aa3d62186,db261497-de5f-4726-9825-802e0f56ac12,1.142468,2025-12-02T17:57:58.932129
52f70034-887c-4e34-839d-bf641ae5d119,ba94e9b2-3a79-46cc-bcfc-8056e5d370b2,db261497-de5f-4726-9825-802e0f56ac12,12.00714,2025-12-02T17:57:58.932138
74aa3632-78a2-4035-ba13-3f0b8a0eb561,30365da7-5b08-4a6d-8fff-a73e85fddbdf,3c3f2d59-57fb-489e-b94b-f4b7a5f31aed,172.912238,2025-12-02T17:57:58.932149
2f377fde-99bf-4af6-8448-01fa3733102b,62f474fe-cabc-47d3-97a9-b25e128b99d6,ec0b9c6e-08b0-4f2b-8bc7-a2c5cbddee1d,104.536853,2025-12-02T17:57:58.932160
30bd2774-199e-43b9-bffc-8f5349d9e79b,f188ae19-698a-4c14-89c2-13a794c7154d,7771b3a9-e135-49b8-8122-b4777be09379,13.062725,2025-12-02T17:57:58.932168
9b4267dd-dcc7-4802-a549-4c1fe1467b12,7a16b3d9-9425-4016-98fd-fab8213c5020,db261497-de5f-4726-9825-802e0f56ac12,25.329647,2025-12-02T17:57:58.932177
52de1fa6-72fe-475d-90f7-076b7b41c271,04a1dac9-e9b6-4c95-9a3b-0d32f4d26270,28d213c9-a858-47f7-af90-331c521dc802,69.509069,2025-12-02T17:57:58.932186
b5340af7-bdf6-4c9f-8393-3cb67b86957b,38834dc8-944f-468b-94a1-cf9d705a49b6,db261497-de5f-4726-9825-802e0f56ac12,17.704241,2025-12-02T17:57:58.932194
52e2686d-c0e3-4865-9c5d-eb4322f96e04,809cdb08-2cae-49d2-ba03-ab40bd994dfa,ec0b9c6e-08b0-4f2b-8bc7-a2c5cbddee1d,264.848947,2025-12-02T17:57:58.932203
69bb3317-85cb-4807-b240-3531672e94cf,ed930578-88b3-4b8c-b5f6-d5090ec52292,db261497-de5f-4726-9825-802e0f56ac12,18.035463,2025-12-02T17:57:58.932213
de76ec93-ba4e-41a3-957a-e010ac245bad,abc52986-1016-49e4-8d8c-85568ea87e43,db261497-de5f-4726-9825-802e0f56ac12,48.504868,2025-12-02T17:57:58.932222
9ed85f94-ae1d-49c4-a7ea-5a443e820959,38fb5522-9b2f-4a38-a6fc-a63d59ab97f5,7771b3a9-e135-49b8-8122-b4777be09379,100.660558,2025-12-02T17:57:58.932231
2903a1bc-6fa3-4006-ab4b-57d4624d9d91,ce741d2d-f513-407b-9493-fd60f518604d,db261497-de5f-4726-9825-802e0f56ac12,62.466052,2025-12-02T17:57:58.932240
3a0f2048-3985-456a-8c90-1a161d4e98f5,22c9467e-8acf-4777-ae56-36ef93a1c869,b9777baf-0366-461b-91a7-8e3fc5bd813d,125.090439,2025-12-02T17:57:58.932249
8e8eaa45-83cb-4415-bb60-658101d3b096,35260b02-aa9b-4b3a-876e-69e25f5be3d4,8c9c9781-3591-4826-b399-2b4aa6037bef,46.558588,2025-12-02T17:57:58.932258
cfe023c9-c521-4512-a5c7-23ec4ead8834,ba94e9b2-3a79-46cc-bcfc-8056e5d370b2,3c3f2d59-57fb-489e-b94b-f4b7a5f31aed,2.726116,2025-12-02T17:57:58.932266
f42d983a-a6b9-4338-9ad2-c263fb6cfee6,04a1dac9-e9b6-4c95-9a3b-0d32f4d26270,db261497-de5f-4726-9825-802e0f56ac12,2.463667,2025-12-02T17:57:58.932275
6c154864-e2ab-41e3-9475-7ca8697a7adf,e8bb2704-41fe-48ba-b0c2-4d9eb5132c63,7771b3a9-e135-49b8-8122-b4777be09379,7.652563,2025-12-02T17:57:58.932284
48f365e2-5c19-4483-b500-02e7e64dc5df,c2dfbe94-3c38-4af1-a442-f34d3dfc78b4,b9777baf-0366-461b-91a7-8e3fc5bd813d,126.270219,2025-12-02T17:57:58.932292
fc755d38-a29f-42ad-92db-50b815eff9eb,b4be8ae3-fab4-4e52-944e-bad2ef817cb4,fdffd4fd-521b-4131-af31-a92268b96206,88.531093,2025-12-02T17:57:58.932301
8f498489-cd28-4357-aa7a-8fa066b76900,0c11728d-c07c-47f3-a4c8-cd586b4918b5,ec0b9c6e-08b0-4f2b-8bc7-a2c5cbddee1d,98.834482,2025-12-02T17:57:58.932310
274c693f-d0e3-4c09-abd6-1bedaf33fd56,9d438e74-5e33-4a4b-a434-3d27a9491c1e,ec0b9c6e-08b0-4f2b-8bc7-a2c5cbddee1d,405.793615,2025-12-02T17:57:58.932319
28017e14-5d2b-4434-b4d2-ac5ebfdaa04b,5f3e16ac-a97b-4b7a-a3eb-e0d178fddfca,e8346120-6ae6-4e4e-88b2-53056f0f4a7a,34.617983,2025-12-02T17:57:58.932327
b68e9af6-69c5-4ed3-beb0-45b4c2842bad,06b4ef3f-4a6d-4a7c-89dc-3e2f93f77904,fdffd4fd-521b-4131-af31-a92268b96206,78.421251,2025-12-02T17:57:58.932336
6aa543f6-9ced-42e4-b389-58163f99b206,418b6371-60a6-4d70-bc60-7c6c41707fb9,b9777baf-0366-461b-91a7-8e3fc5bd813d,97.378812,2025-12-02T17:57:58.932344
b58e8c66-6998-4f98-957c-d24ea8a970ec,fce77f9d-02aa-4e74-9d33-6e01a031fbb1,ec0b9c6e-08b0-4f2b-8bc7-a2c5cbddee1d,46.214132,2025-12-02T17:57:58.932354
4565fedd-a40f-4a09-b4db-d2958b2243f7,b9c37b8e-a4b8-44e7-bffc-cbc8cabefc5e,b9777baf-0366-461b-91a7-8e3fc5bd813d,48.778262,2025-12-02T17:57:58.932363
e7f492c2-3d70-4075-b87f-7d3ec89593e6,fb2019cf-5bd0-4a46-a439-3b48941b5d79,3c3f2d59-57fb-489e-b94b-f4b7a5f31aed,173.097577,2025-12-02T17:57:58.932376
2d5e812e-c056-4202-bcb5-4ade82fbc907,35260b02-aa9b-4b3a-876e-69e25f5be3d4,8c9c9781-3591-4826-b399-2b4aa6037bef,49.609752,2025-12-02T17:57:58.932384
daccdf9a-c81b-41f8-bc8c-dc3f941e7b77,06d12546-c7e1-4c81-95fb-aec876e5e9c9,e8346120-6ae6-4e4e-88b2-53056f0f4a7a,80.979372,2025-12-02T17:57:58.932394
4444418b-f9af-47f1-97fc-38ec40989af8,3c56e290-bf2c-42df-a2a8-73f06473e371,fdffd4fd-521b-4131-af31-a92268b96206,160.070402,2025-12-02T17:57:58.932403
b2f3efd4-ff60-4988-ae57-aebcc611e10e,71416062-282f-433c-8ade-d590546787b1,cff45df4-ca88-4574-9701-fde83d66133e,49.294379,2025-12-02T17:57:58.932412
ab6a852d-b62c-4bae-adc2-8cf201cdd989,158b6707-f7a8-4511-afba-50d0c0f0b2b5,db261497-de5f-4726-9825-802e0f56ac12,113.758376,2025-12-02T17:57:58.932420
551acb98-0136-48ad-af5a-8117d494b958,c27ab0c4-915d-4804-b135-ef8d1da12591,fdffd4fd-521b-4131-af31-a92268b96206,157.41998,2025-12-02T17:57:58.932429
9e553440-9042-41ae-b6ac-cf6629f9d919,c32e8ff9-6cf0-42a4-a7f9-15fbd04c2054,e8346120-6ae6-4e4e-88b2-53056f0f4a7a,147.200039,2025-12-02T17:57:58.932440
88207619-c3ed-4247-8595-75ae213e7a97,06d12546-c7e1-4c81-95fb-aec876e5e9c9,ec0b9c6e-08b0-4f2b-8bc7-a2c5cbddee1d,110.980349,2025-12-02T17:57:58.932448
6cf4c962-c8d6-4d5e-bbba-fe9f781d5cd0,787e7073-a8ab-44e7-8bf7-5ac0a5b049de,e8346120-6ae6-4e4e-88b2-53056f0f4a7a,138.760665,2025-12-02T17:57:58.932457
6131b2b8-29fa-48df-8cb8-dba22c9500a8,55dd9ed6-1bcc-404a-8cac-aca67a346bd9,8c9c9781-3591-4826-b399-2b4aa6037bef,36.94634,2025-12-02T17:57:58.932466
6ae26267-4015-4081-bceb-d6180e12e890,a66dba8c-dedf-4aa0-a178-9e2fd7ae4cc8,3c3f2d59-57fb-489e-b94b-f4b7a5f31aed,16.791735,2025-12-02T17:57:58.932475
df8021c3-b13c-41d7-b388-be2502197517,04a1dac9-e9b6-4c95-9a3b-0d32f4d26270,db261497-de5f-4726-9825-802e0f56ac12,123.006734,2025-12-02T17:57:58.932483
c2aff170-46f4-4cc2-83dc-440f9596b02e,38fb5522-9b2f-4a38-a6fc-a63d59ab97f5,db261497-de5f-4726-9825-802e0f56ac12,55.899582,2025-12-02T17:57:58.932493
eb49eb38-d549-459d-9280-2143864115e7,d70ec6cd-7831-482d-9e46-6fa7ab360ceb,7771b3a9-e135-49b8-8122-b4777be09379,18.913938,2025-12-02T17:57:58.932502
847424bc-785a-4ca3-b1e2-6c47b1735376,5c0a2e83-a98f-4483-8fa7-4c4eae2d30aa,db261497-de5f-4726-9825-802e0f56ac12,232.788544,2025-12-02T17:57:58.932511
f08a533c-0356-4d5e-ab06-5e1c73b77dd6,d6883361-0442-4c06-94ef-085af8ce3dd1,cff45df4-ca88-4574-9701-fde83d66133e,18.871702,2025-12-02T17:57:58.932519
e0f2575a-f7df-4f85-9952-855890d568fa,5256c722-9e98-44bc-b1b1-609a79d62fe5,fdffd4fd-521b-4131-af31-a92268b96206,77.554628,2025-12-02T17:57:58.932528
cbf82991-d507-4e7c-b683-dae535f2da69,77468008-b4aa-4a07-800c-ca6c5fede28a,cff45df4-ca88-4574-9701-fde83d66133e,30.643656,2025-12-02T17:57:58.932537
080dac13-c7c3-4e0e-89cb-fc619187a992,64d32425-31b6-4921-9033-6f105656d7f5,b9777baf-0366-461b-91a7-8e3fc5bd813d,42.71335,2025-12-02T17:57:58.932546
c50061dc-e67c-4ba8-867b-c423424c8d69,e4e7e3ef-9d7b-48d7-bd32-d67a8f66ecf3,3c3f2d59-57fb-489e-b94b-f4b7a5f31aed,50.677709,2025-12-02T17:57:58.932554
efcc5cd8-204c-4c9a-8490-24f3a0b42893,d362ae0b-74fd-422f-b71e-7c898c9e63bd,e8346120-6ae6-4e4e-88b2-53056f0f4a7a,91.495085,2025-12-02T17:57:58.932563
78c7f25a-ea38-4ab7-adf7-eab90cf001c5,7bbf928c-1e66-40ef-876a-b50dc9288d52,8c9c9781-3591-4826-b399-2b4aa6037bef,9.532758,2025-12-02T17:57:58.932571
0254a479-11ce-4535-9201-d06359cab1f3,ddb76ec4-2ac5-451d-93ff-3def918b0fe5,8c9c9781-3591-4826-b399-2b4aa6037bef,113.799388,2025-12-02T17:57:58.932580
1469cf10-3a60-4366-a0ee-3c8fab2f065f,d7810f6c-bf66-44ad-ae28-968831dec1ed,e8346120-6ae6-4e4e-88b2-53056f0f4a7a,55.476859,2025-12-02T17:57:58.932588
b043534d-66b0-4fa4-adbd-1936637da6cc,de689625-35a8-439c-80e1-abe8b983457d,ec0b9c6e-08b0-4f2b-8bc7-a2c5cbddee1d,178.153053,2025-12-02T17:57:58.932597
22db8043-1377-483d-9185-2161fc21b2af,0ac15e2b-6f9a-45c3-8432-3cb7d1be6d73,b9777baf-0366-461b-91a7-8e3fc5bd813d,112.146831,2025-12-02T17:57:58.932609
02cb479b-6c00-4ac8-87c3-ff9f5389cac5,ffd19da1-046d-4ccc-9f33-315aa3d62186,7771b3a9-e135-49b8-8122-b4777be09379,8.721859,2025-12-02T17:57:58.932618
4789877a-4cdd-4313-a19f-524f7d793060,e979f0ee-0287-4ca4-956b-773608ee33a7,28d213c9-a858-47f7-af90-331c521dc802,52.346494,2025-12-02T17:57:58.932627
d55f1064-b979-4776-a4e4-19812f4b0174,04119cd1-e56e-486b-bba3-7161e7cac1e6,ec0b9c6e-08b0-4f2b-8bc7-a2c5cbddee1d,13.581964,2025-12-02T17:57:58.932636
c7ef8d5f-d2be-450f-b591-050251a9cae8,0d4cd26b-5993-40de-a5bf-d7985f138193,ec0b9c6e-08b0-4f2b-8bc7-a2c5cbddee1d,96.123075,2025-12-02T17:57:58.932644
143c0625-2e06-4cd1-855d-ddf69081a77a,c507bf30-4c1d-4ce2-a00b-960ef01b200a,3c3f2d59-57fb-489e-b94b-f4b7a5f31aed,54.460982,2025-12-02T17:57:58.932653
b0a12814-35cc-4a52-98f4-fb08bb9cd260,2300f72c-adbb-492b-bebb-9cf44e8700e6,7771b3a9-e135-49b8-8122-b4777be09379,80.977857,2025-12-02T17:57:58.932661
29393d24-b23c-407c-b96c-ca935c84f48a,222cabc5-1d33-4e0d-bc16-4883b27b50a7,fdffd4fd-521b-4131-af31-a92268b96206,8.499751,2025-12-02T17:57:58.932670
66d9b983-b974-40f5-8ec1-47bb2501a3b7,4f522ba3-73d3-4c39-b74c-fe9a7f4f45ae,7771b3a9-e135-49b8-8122-b4777be09379,259.043148,2025-12-02T17:57:58.932679
e8cfa698-9599-4164-8b89-27f9b361ea80,77468008-b4aa-4a07-800c-ca6c5fede28a,fdffd4fd-521b-4131-af31-a92268b96206,200.979091,2025-12-02T17:57:58.932687
18897483-d09d-4077-8e64-978314e55197,c27ab0c4-915d-4804-b135-ef8d1da12591,3c3f2d59-57fb-489e-b94b-f4b7a5f31aed,22.07423,2025-12-02T17:57:58.932696
b9950718-0017-4022-82e6-923a169601b7,85507611-cbf7-4834-a19d-b639244f290e,cff45df4-ca88-4574-9701-fde83d66133e,340.678078,2025-12-02T17:57:58.932705
12131ba5-3205-4183-aae0-fb9c54298c70,e2b9bd71-e80a-44c9-af0a-ee8e1b33ab2e,e8346120-6ae6-4e4e-88b2-53056f0f4a7a,139.24546,2025-12-02T17:57:58.932713
3b9e1cb5-3d1b-469a-9405-a416c99421e1,afde4c05-8724-427f-b4c4-77ce53549dee,3c3f2d59-57fb-489e-b94b-f4b7a5f31aed,210.500911,2025-12-02T17:57:58.932724
661e13a4-f024-46c6-abaa-359c2f945cdd,e4e7e3ef-9d7b-48d7-bd32-d67a8f66ecf3,3c3f2d59-57fb-489e-b94b-f4b7a5f31aed,165.604932,2025-12-02T17:57:58.932733
b2d04af4-e969-46b1-b1e5-4586d4b60f9b,71416062-282f-433c-8ade-d590546787b1,28d213c9-a858-47f7-af90-331c521dc802,362.296103,2025-12-02T17:57:58.932741
cc45070c-7267-4c70-8b7b-df0a570507eb,30365da7-5b08-4a6d-8fff-a73e85fddbdf,db261497-de5f-4726-9825-802e0f56ac12,167.894177,2025-12-02T17:57:58.932750
8dbff152-232d-4279-a3a7-8f51cf41f4c2,06e536d9-4192-4608-99cc-c20084ac7f19,b9777baf-0366-461b-91a7-8e3fc5bd813d,83.437354,2025-12-02T17:57:58.932759
2d5f58c6-455e-4226-ad31-73e0d1cef807,e2b9bd71-e80a-44c9-af0a-ee8e1b33ab2e,8c9c9781-3591-4826-b399-2b4aa6037bef,51.902588,2025-12-02T17:57:58.932768
b880ec2b-5b6e-4396-82ee-bf6976f452c6,4e6cb097-17d2-4639-9129-4a406aa268fb,cff45df4-ca88-4574-9701-fde83d66133e,147.238959,2025-12-02T17:57:58.932776
460deee6-6763-4385-b119-091ce907dafb,d75fe0d3-ac91-4ac0-aa46-c47dfdd46b8f,8c9c9781-3591-4826-b399-2b4aa6037bef,70.892035,2025-12-02T17:57:58.932785
549533fc-ced9-4b1b-a10f-ff4467cd3c25,c619e446-b73c-411b-a1f6-ce2218224588,7771b3a9-e135-49b8-8122-b4777be09379,129.940262,2025-12-02T17:57:58.932793
164c99ef-593c-4f7b-b51f-0a102483f26d,0d4cd26b-5993-40de-a5bf-d7985f138193,8c9c9781-3591-4826-b399-2b4aa6037bef,275.775145,2025-12-02T17:57:58.932802
6d9ed498-cfb3-4d65-bd55-1c63f48200bd,7c9d10f7-8bc2-4b08-b767-25f84ab221c7,7771b3a9-e135-49b8-8122-b4777be09379,72.822373,2025-12-02T17:57:58.932810
78c402cc-6b89-4492-89ed-bbcf592c1315,c2dfbe94-3c38-4af1-a442-f34d3dfc78b4,28d213c9-a858-47f7-af90-331c521dc802,40.956556,2025-12-02T17:57:58.932819
ee1612d1-b374-4b3e-965f-c0ac739deae8,e4e7e3ef-9d7b-48d7-bd32-d67a8f66ecf3,e8346120-6ae6-4e4e-88b2-53056f0f4a7a,39.579434,2025-12-02T17:57:58.932830
a0dbf6a1-c339-4e1f-a600-102d18eee667,a9658da1-40bb-449d-8b06-e6cea6c8e22e,8c9c9781-3591-4826-b399-2b4aa6037bef,32.846642,2025-12-02T17:57:58.932838
db7e2853-aa00-4338-9052-614857211c61,8c7afe78-199b-4083-93ae-1531ce1cd795,3c3f2d59-57fb-489e-b94b-f4b7a5f31aed,105.270525,2025-12-02T17:57:58.932847
823aff74-c910-4f8a-ab5d-fcd9fe98d9de,abc52986-1016-49e4-8d8c-85568ea87e43,cff45df4-ca88-4574-9701-fde83d66133e,46.897299,2025-12-02T17:57:58.932856
8c43eea3-cb91-4223-bcff-f281bd5f9bc1,2c7a31fc-17b5-43a8-9468-a4ed55bc796e,28d213c9-a858-47f7-af90-331c521dc802,145.003029,2025-12-02T17:57:58.932864
5804f48b-6744-494a-8b53-b8e7d62fab32,568d7332-cec6-4c88-a932-518ed8a75e8b,db261497-de5f-4726-9825-802e0f56ac12,90.060563,2025-12-02T17:57:58.932874
3a950d0e-1990-4cc4-a497-7ced2fc21e24,68bf1b50-67ca-4a22-87f7-d3b3d6fbbf61,e8346120-6ae6-4e4e-88b2-53056f0f4a7a,260.769883,2025-12-02T17:57:58.932882
38b18439-7525-4b16-95f1-9016d108ccf0,7ce5872f-644f-475f-96b9-cda3612707af,8c9c9781-3591-4826-b399-2b4aa6037bef,62.807207,2025-12-02T17:57:58.932891
eb475831-35fd-47c4-a937-4843fcf35527,a06da157-3412-40ea-83d7-ddf47dc28eb2,28d213c9-a858-47f7-af90-331c521dc802,172.599092,2025-12-02T17:57:58.932900
74fb975f-8054-4c20-9687-63b4ae8f28dc,b4be8ae3-fab4-4e52-944e-bad2ef817cb4,e8346120-6ae6-4e4e-88b2-53056f0f4a7a,50.276868,2025-12-02T17:57:58.932908
675b982b-1e48-479c-9e60-5579a611e5f0,60ce48e4-4108-4196-ade6-bc5dc3e763ec,b9777baf-0366-461b-91a7-8e3fc5bd813d,112.344752,2025-12-02T17:57:58.932917
bee7998c-f4d1-41a7-8ee4-6854ee022461,e8bb2704-41fe-48ba-b0c2-4d9eb5132c63,7771b3a9-e135-49b8-8122-b4777be09379,47.589315,2025-12-02T17:57:58.932926
5aa50e58-3437-48d4-8499-b4822ebe77b0,71416062-282f-433c-8ade-d590546787b1,ec0b9c6e-08b0-4f2b-8bc7-a2c5cbddee1d,159.644449,2025-12-02T17:57:58.932934
0e540289-0046-4d6b-9624-5b8959a2268e,57ea502e-5a21-45c7-b850-576f3e25e1f8,cff45df4-ca88-4574-9701-fde83d66133e,218.966765,2025-12-02T17:57:58.932945
1b21c91d-d10f-4092-9bca-e3d26bc65983,e93ae732-bedb-4741-b953-d0d3c1d63cbf,b9777baf-0366-461b-91a7-8e3fc5bd813d,129.161506,2025-12-02T17:57:58.932954
95259b78-2a67-48b6-ad40-dc40034f2a54,90a3e824-d8f3-4d40-9a46-3bb1e4908e09,cff45df4-ca88-4574-9701-fde83d66133e,77.830585,2025-12-02T17:57:58.932963
a3d62ab6-1d45-4260-a8bc-c3a2a3eae88d,77468008-b4aa-4a07-800c-ca6c5fede28a,e8346120-6ae6-4e4e-88b2-53056f0f4a7a,65.159465,2025-12-02T17:57:58.932972
734a5625-dbc8-410a-949b-4d2159c86d0a,6b44dbd1-6d1a-4778-bfad-42a661d5802c,8c9c9781-3591-4826-b399-2b4aa6037bef,14.829358,2025-12-02T17:57:58.932981
1ff08c0e-729e-49cf-b36c-f71c75f78cb4,3d738188-a328-4273-ac4f-8963a7c4c04e,b9777baf-0366-461b-91a7-8e3fc5bd813d,46.496083,2025-12-02T17:57:58.932990
ce25528b-749b-4202-9800-29602251ef5d,de689625-35a8-439c-80e1-abe8b983457d,8c9c9781-3591-4826-b399-2b4aa6037bef,3.871235,2025-12-02T17:57:58.932999
01959540-6d90-431b-8c73-b10f261fc176,0035882f-045d-460e-a82e-82141aa4a55c,8c9c9781-3591-4826-b399-2b4aa6037bef,13.806825,2025-12-02T17:57:58.933010
06332e64-e2b7-4ca7-a34c-29b278103cd9,98c25445-d3af-4fed-a08f-28995f3cbbcd,7771b3a9-e135-49b8-8122-b4777be09379,12.589999,2025-12-02T17:57:58.933018
5619e21e-a172-415f-9d1a-436ecd900de8,1d8f5dfc-d25c-44f5-952a-28fa606415a8,ec0b9c6e-08b0-4f2b-8bc7-a2c5cbddee1d,130.780314,2025-12-02T17:57:58.933027
83f37b88-7686-45c6-b45e-31ef36af9b84,3c56e290-bf2c-42df-a2a8-73f06473e371,b9777baf-0366-461b-91a7-8e3fc5bd813d,155.683579,2025-12-02T17:57:58.933036
32c3e43e-60d9-460b-a0b9-d7dc40ae5aec,556341c5-7194-42eb-a200-11295e804349,ec0b9c6e-08b0-4f2b-8bc7-a2c5cbddee1d,2.192818,2025-12-02T17:57:58.933045
f4bd273c-98cb-4ee2-a529-319441fe1fb7,7bbf928c-1e66-40ef-876a-b50dc9288d52,fdffd4fd-521b-4131-af31-a92268b96206,444.453063,2025-12-02T17:57:58.933053
151e21ae-685c-4de9-9b8b-be3181b41186,1cd3554c-b76b-493c-85ea-7cb57389111f,3c3f2d59-57fb-489e-b94b-f4b7a5f31aed,41.927324,2025-12-02T17:57:58.933064
ada1b7c6-7d42-4165-8cc0-f91a4294905b,7c9d10f7-8bc2-4b08-b767-25f84ab221c7,28d213c9-a858-47f7-af90-331c521dc802,44.270604,2025-12-02T17:57:58.933073
ee02097a-f451-48dd-af44-445b5216fee2,bff13fc6-43ee-46ca-b272-a4eeb187ef92,db261497-de5f-4726-9825-802e0f56ac12,41.984583,2025-12-02T17:57:58.933082
209e59a8-35e2-4e49-9e1f-dd3103a01326,63ac9e70-f880-41ac-b21e-4646bb176e60,3c3f2d59-57fb-489e-b94b-f4b7a5f31aed,338.358882,2025-12-02T17:57:58.933090
00cbdc86-3416-4013-9cba-a4ec9fded970,c47b3cd0-94a7-41bc-bdab-5485354f1dfc,b9777baf-0366-461b-91a7-8e3fc5bd813d,105.862812,2025-12-02T17:57:58.933103
484d9e80-8aa3-4600-9aa5-604dee567e02,63ac9e70-f880-41ac-b21e-4646bb176e60,ec0b9c6e-08b0-4f2b-8bc7-a2c5cbddee1d,171.642763,2025-12-02T17:57:58.933117
1023fafc-c332-41d7-bd87-fa8c156e2722,e979f0ee-0287-4ca4-956b-773608ee33a7,cff45df4-ca88-4574-9701-fde83d66133e,133.672732,2025-12-02T17:57:58.933125
94ba11be-f206-4db3-bb18-db37ae13fc71,789f22c4-5c85-4265-ac33-f2c3bdb76f7c,3c3f2d59-57fb-489e-b94b-f4b7a5f31aed,18.938924,2025-12-02T17:57:58.933134
a9ff094b-a1a7-44ac-97ed-f6585ba40aac,7bbf928c-1e66-40ef-876a-b50dc9288d52,cff45df4-ca88-4574-9701-fde83d66133e,83.514793,2025-12-02T17:57:58.933197
f2325693-a4cf-4c50-97eb-eeb2d7128b22,d70ec6cd-7831-482d-9e46-6fa7ab360ceb,e8346120-6ae6-4e4e-88b2-53056f0f4a7a,67.578986,2025-12-02T17:57:58.933227
90f5a540-54fc-459e-85fa-bb4c56d99319,66e3e8ad-6236-436b-b74f-695c74af7979,b9777baf-0366-461b-91a7-8e3fc5bd813d,120.195139,2025-12-02T17:57:58.933241
37d8836c-0a34-41e2-9275-3462fb5d064b,d6883361-0442-4c06-94ef-085af8ce3dd1,8c9c9781-3591-4826-b399-2b4aa6037bef,7.539731,2025-12-02T17:57:58.933253
8635e93c-0a5e-4014-8306-74676c548238,6b44dbd1-6d1a-4778-bfad-42a661d5802c,28d213c9-a858-47f7-af90-331c521dc802,13.854698,2025-12-02T17:57:58.933264
34f4c4c7-0f54-42c0-b3d8-51073e8a8957,c1e3d79e-b416-491c-9611-4afc50528d79,3c3f2d59-57fb-489e-b94b-f4b7a5f31aed,105.500542,2025-12-02T17:57:58.933273
44b43cf8-b45d-4937-aed3-d124644b64d4,4127b47e-f30a-4260-9a98-a838cdc4d521,ec0b9c6e-08b0-4f2b-8bc7-a2c5cbddee1d,74.327036,2025-12-02T17:57:58.933282
d305317c-b1b9-41f1-b817-ffe796872f5e,0d4cd26b-5993-40de-a5bf-d7985f138193,7771b3a9-e135-49b8-8122-b4777be09379,40.257804,2025-12-02T17:57:58.933291
71174c33-67f7-48fc-83a6-4e488712a991,34f2b2e4-ded1-4d82-9ef7-106837ff590b,3c3f2d59-57fb-489e-b94b-f4b7a5f31aed,88.0292,2025-12-02T17:57:58.933299
13ab59b4-c9e7-47d0-8353-8f4894f98f58,a66dba8c-dedf-4aa0-a178-9e2fd7ae4cc8,7771b3a9-e135-49b8-8122-b4777be09379,170.063516,2025-12-02T17:57:58.933308
b3b02eff-3e13-43b4-bbdc-fc09f29f6c5f,ff221e7b-6c77-4164-b6e9-1a5700344a31,28d213c9-a858-47f7-af90-331c521dc802,264.653948,2025-12-02T17:57:58.933317
aa6e8f30-81f5-40e6-9cd2-f1e1ab8ca416,0035882f-045d-460e-a82e-82141aa4a55c,b9777baf-0366-461b-91a7-8e3fc5bd813d,68.400107,2025-12-02T17:57:58.933327
a788d847-4e13-46b5-8238-97d5e55a22a0,d70ec6cd-7831-482d-9e46-6fa7ab360ceb,e8346120-6ae6-4e4e-88b2-53056f0f4a7a,26.359028,2025-12-02T17:57:58.933336
284f4216-3f6f-48c8-afca-53f30f701999,de689625-35a8-439c-80e1-abe8b983457d,e8346120-6ae6-4e4e-88b2-53056f0f4a7a,377.370227,2025-12-02T17:57:58.933345
2fccf8b8-e92b-43d0-984c-610091c8f5c7,09ffb8e5-3e51-45c9-85dc-1c8679be6c6f,fdffd4fd-521b-4131-af31-a92268b96206,22.433385,2025-12-02T17:57:58.933355
939c34f7-70fe-426c-875d-9c50dd6cede0,5849548f-50d2-4071-a849-b9aee51da2ba,28d213c9-a858-47f7-af90-331c521dc802,100.332239,2025-12-02T17:57:58.933364
f915c8e0-c33c-4b1e-9a63-e0a4b88600d1,5e47f167-7420-4b61-9740-0bff51e8ca83,fdffd4fd-521b-4131-af31-a92268b96206,34.981381,2025-12-02T17:57:58.933378
d1319681-5464-4d80-bcca-17fb275f1a4f,64bb3122-e90f-44b7-9e85-9c89e810adc3,28d213c9-a858-47f7-af90-331c521dc802,40.514842,2025-12-02T17:57:58.933390
ad20f214-11ca-440c-a580-027a64b532e3,fe29f9f7-04ec-4be8-b83b-68e66a0d0b10,ec0b9c6e-08b0-4f2b-8bc7-a2c5cbddee1d,43.565174,2025-12-02T17:57:58.933402
791f4e91-cc32-429a-9a47-4063ef8fded9,d362ae0b-74fd-422f-b71e-7c898c9e63bd,8c9c9781-3591-4826-b399-2b4aa6037bef,6.146265,2025-12-02T17:57:58.933412
