prediction_id,timestamp,model_name,input_amount,input_user_tx_count,output_score,output_label,decision,latency_ms
1,2025-12-08 03:15:25.512894,fraud_detector_v1,0.17438803408608014,51,0.07683158814919865,0,ALLOW,0.6131067020085478
2,2025-12-08 03:20:25.512894,fraud_detector_v2,0.2431459660493468,70,0.32038264361175967,0,ALLOW,0.18430872608623966
3,2025-12-08 03:25:25.512894,fraud_detector_v1,0.9523633262390399,6,0.667700810431391,0,ALLOW,2.7817465579705263
4,2025-12-08 03:30:25.512894,fraud_detector_v1,0.19057311571535854,67,0.2871640373024703,0,ALLOW,4.327861139764864
5,2025-12-08 03:35:25.512894,fraud_detector_v1,0.09285930814787739,7,0.23703041130574307,0,ALLOW,2.2232417723522753
6,2025-12-08 03:40:25.512894,fraud_detector_v2,0.4068684960301139,51,0.2039366219603414,0,ALLOW,0.7715463836307421
7,2025-12-08 03:45:25.512894,fraud_detector_v1,1.375646735403521,72,0.32422238437285295,0,ALLOW,3.294534938784928
8,2025-12-08 03:50:25.512894,fraud_detector_v1,0.5954127988789686,42,0.35548229039319507,0,ALLOW,0.25048960731214476
9,2025-12-08 03:55:25.512894,fraud_detector_v1,0.42205616821782777,64,0.49778734681109255,0,ALLOW,1.7492950227954118
10,2025-12-08 04:00:25.512894,fraud_detector_v2,0.05111409867466144,15,0.17033948364468993,0,ALLOW,0.535108459798341
11,2025-12-08 04:05:25.512894,fraud_detector_v1,0.47726535775885887,29,0.24983377172644253,0,ALLOW,0.6117109346673361
12,2025-12-08 04:10:25.512894,fraud_detector_v1,2.3052848739231586,33,0.10118592477497042,0,ALLOW,0.6780453202009982
13,2025-12-08 04:15:25.512894,fraud_detector_v1,0.07546029332113208,94,0.14677542378673217,0,ALLOW,1.466737719275184
14,2025-12-08 04:20:25.512894,fraud_detector_v1,0.36524766249075186,27,0.0870069347712954,0,ALLOW,0.1575143120610703
15,2025-12-08 04:25:25.512894,fraud_detector_v2,1.0493043189503972,36,0.10195907755313903,0,ALLOW,1.5214643134372778
16,2025-12-08 04:30:25.512894,fraud_detector_v1,0.675017124176835,29,0.2721120001197246,0,ALLOW,2.15052167740826
17,2025-12-08 04:35:25.512894,fraud_detector_v2,0.5970372126508365,38,0.2778252975093544,0,ALLOW,1.9808453493247704
18,2025-12-08 04:40:25.512894,fraud_detector_v2,0.606143778112245,57,0.5365884466520311,0,ALLOW,1.4476091939231588
19,2025-12-08 04:45:25.512894,fraud_detector_v2,0.22274617115747455,97,0.1251748637168643,0,ALLOW,5.481785813967445
20,2025-12-08 04:50:25.512894,fraud_detector_v1,0.1737810421335476,27,0.2514360273055793,0,ALLOW,0.47110793838316933
21,2025-12-08 04:55:25.512894,fraud_detector_v2,0.8286872536298562,55,0.05647836151657847,0,ALLOW,2.113818213467305
22,2025-12-08 05:00:25.512894,fraud_detector_v1,0.8306640995435144,33,0.08042428519670783,0,ALLOW,0.19214845646597115
23,2025-12-08 05:05:25.512894,fraud_detector_v2,1.0089750236839574,68,0.13342668230548205,0,ALLOW,0.22144239313176486
24,2025-12-08 05:10:25.512894,fraud_detector_v2,1.2223079809183182,86,0.07541324652319792,0,FLAG_REVIEW,2.5590032262727473
25,2025-12-08 05:15:25.512894,fraud_detector_v2,0.35804661846645186,66,0.3645006819029479,0,ALLOW,2.5042595983244635
26,2025-12-08 05:20:25.512894,fraud_detector_v2,0.3480921887755996,10,0.33930699633407224,0,ALLOW,6.312026902292862
27,2025-12-08 05:25:25.512894,fraud_detector_v2,0.8004749661542437,5,0.2502050749332346,0,FLAG_REVIEW,2.448478908191744
28,2025-12-08 05:30:25.512894,fraud_detector_v2,0.5248595374439001,74,0.19685603522114178,0,FLAG_REVIEW,9.640994805862567
29,2025-12-08 05:35:25.512894,fraud_detector_v2,0.6052753242557585,97,0.0442876952306047,0,ALLOW,0.14976118037375777
30,2025-12-08 05:40:25.512894,fraud_detector_v2,0.7943097374771024,38,0.10983825219441334,0,ALLOW,0.3094478360051388
31,2025-12-08 05:45:25.512894,fraud_detector_v1,1.1036617381733835,13,0.3059773634475039,0,ALLOW,0.13519878348001516
32,2025-12-08 05:50:25.512894,fraud_detector_v1,0.2062412035688271,31,0.3491627262077964,0,ALLOW,0.6147207513330616
33,2025-12-08 05:55:25.512894,fraud_detector_v2,0.23546839436377817,47,0.054318009571331705,0,ALLOW,2.3378811574177822
34,2025-12-08 06:00:25.512894,fraud_detector_v2,0.04934801959368028,88,0.4238646641019199,0,ALLOW,3.111751705464509
35,2025-12-08 06:05:25.512894,fraud_detector_v2,0.43170701330471734,52,0.2963863789818734,0,ALLOW,0.13997057140189312
36,2025-12-08 06:10:25.512894,fraud_detector_v1,0.0183020521054285,56,0.3434027861612391,0,ALLOW,8.754696902202864
37,2025-12-08 06:15:25.512894,fraud_detector_v2,0.3133034740910548,15,0.3008517261664285,1,ALLOW,5.538622445327623
38,2025-12-08 06:20:25.512894,fraud_detector_v1,0.391147292843563,29,0.11772754061591269,0,ALLOW,1.0555419136813793
39,2025-12-08 06:25:25.512894,fraud_detector_v1,0.16881533015726125,8,0.3988603783774352,0,ALLOW,0.24098771939585678
40,2025-12-08 06:30:25.512894,fraud_detector_v1,0.44681626507308764,5,0.4062400062037195,0,ALLOW,0.5585805932512179
41,2025-12-08 06:35:25.512894,fraud_detector_v1,0.015487531050737273,29,0.15977367975102633,0,ALLOW,0.40726815748451184
42,2025-12-08 06:40:25.512894,fraud_detector_v1,0.01903174964139469,47,0.11970109953419851,0,ALLOW,0.39471575568430173
43,2025-12-08 06:45:25.512894,fraud_detector_v2,0.864675684769068,68,0.3036519416179476,0,ALLOW,2.192931520912718
44,2025-12-08 06:50:25.512894,fraud_detector_v2,0.22329251210387235,76,0.5568398648442695,1,FLAG_REVIEW,0.8464818015891282
45,2025-12-08 06:55:25.512894,fraud_detector_v2,0.067944520648714,45,0.3161104904474824,0,ALLOW,1.3301538779064086
46,2025-12-08 07:00:25.512894,fraud_detector_v2,0.3693267941395078,2,0.6055182501640242,0,ALLOW,13.670664276685851
47,2025-12-08 07:05:25.512894,fraud_detector_v2,0.7348239702228676,27,0.1398450080165595,0,ALLOW,3.4590240564653367
48,2025-12-08 07:10:25.512894,fraud_detector_v1,0.12155900171495168,95,0.30744520220725596,0,ALLOW,8.926651921739282
49,2025-12-08 07:15:25.512894,fraud_detector_v2,0.48760980932824644,36,0.3491179435860378,1,ALLOW,0.4614001665253532
50,2025-12-08 07:20:25.512894,fraud_detector_v2,0.04460551449494864,36,0.39437297339608324,0,ALLOW,1.4444776032810867
51,2025-12-08 07:25:25.512894,fraud_detector_v1,0.026532547955154702,26,0.4901276771591554,0,ALLOW,2.4272354673209664
52,2025-12-08 07:30:25.512894,fraud_detector_v2,0.37895447031276047,43,0.12112709657559202,0,ALLOW,0.23959187208937383
53,2025-12-08 07:35:25.512894,fraud_detector_v1,0.3889552213473711,27,0.20544241688765266,0,ALLOW,0.012588706566955005
54,2025-12-08 07:40:25.512894,fraud_detector_v2,0.5072687241023079,69,0.16734255962617878,0,ALLOW,3.3299389633375895
55,2025-12-08 07:45:25.512894,fraud_detector_v1,0.6474802814583421,20,0.15404870190052086,0,FLAG_REVIEW,3.08015482981824
56,2025-12-08 07:50:25.512894,fraud_detector_v2,1.8617785043499964,11,0.672795421006463,0,FLAG_REVIEW,1.5869118081599562
57,2025-12-08 07:55:25.512894,fraud_detector_v2,0.36314555961517814,74,0.09008163433495986,0,ALLOW,2.017940719627716
58,2025-12-08 08:00:25.512894,fraud_detector_v1,0.1950098570529894,38,0.4419285644978919,0,ALLOW,1.6107029537711184
59,2025-12-08 08:05:25.512894,fraud_detector_v1,0.7928269898663431,6,0.0724330079045627,0,ALLOW,0.07289358444256519
60,2025-12-08 08:10:25.512894,fraud_detector_v1,0.15792573271806865,72,0.03273815550661531,0,ALLOW,1.2255816025763555
61,2025-12-08 08:15:25.512894,fraud_detector_v1,0.28899171563665066,23,0.08358317217511885,0,ALLOW,0.5846970873141253
62,2025-12-08 08:20:25.512894,fraud_detector_v1,0.04085258429183495,47,0.5005327441523382,0,FLAG_REVIEW,0.3108334370988827
63,2025-12-08 08:25:25.512894,fraud_detector_v1,0.01283880477073719,90,0.40175295393412536,0,ALLOW,9.42022400899195
64,2025-12-08 08:30:25.512894,fraud_detector_v1,1.643689961634301,46,0.34283694544006516,0,ALLOW,2.744073972642546
65,2025-12-08 08:35:25.512894,fraud_detector_v1,0.9038838210575313,12,0.166733175293429,0,ALLOW,3.9131068136865235
66,2025-12-08 08:40:25.512894,fraud_detector_v2,0.5953213663996708,90,0.09648555828316811,0,BLOCK,1.1366027814722242
67,2025-12-08 08:45:25.512894,fraud_detector_v2,0.26292982223257094,13,0.5445801173864672,0,ALLOW,1.4984067158013907
68,2025-12-08 08:50:25.512894,fraud_detector_v1,0.09515326807105437,62,0.08002968110127649,0,ALLOW,0.8111929135339536
69,2025-12-08 08:55:25.512894,fraud_detector_v2,0.08506037078642707,82,0.2450449682353012,0,ALLOW,0.3059841289145434
70,2025-12-08 09:00:25.512894,fraud_detector_v2,0.1440029945632918,89,0.06098205451108568,0,ALLOW,0.5918121165715059
71,2025-12-08 09:05:25.512894,fraud_detector_v2,0.3983953241566573,97,0.4085461912561739,0,ALLOW,4.791254262989528
72,2025-12-08 09:10:25.512894,fraud_detector_v2,0.6269246438883879,60,0.49829705787273737,0,FLAG_REVIEW,3.395382553234047
73,2025-12-08 09:15:25.512894,fraud_detector_v1,0.5396951748483992,43,0.19329522744535,1,ALLOW,2.3751184775063443
74,2025-12-08 09:20:25.512894,fraud_detector_v2,0.16420613069449796,76,0.15754139007854445,0,ALLOW,1.9335846523724136
75,2025-12-08 09:25:25.512894,fraud_detector_v1,1.5490517492781533,68,0.25232506567783625,0,ALLOW,7.669889247322583
76,2025-12-08 09:30:25.512894,fraud_detector_v2,0.6695087024376132,5,0.6171293492391988,0,ALLOW,0.22654748867583258
77,2025-12-08 09:35:25.512894,fraud_detector_v2,0.40411524096566565,37,0.7564098693751851,0,ALLOW,0.9880166344811718
78,2025-12-08 09:40:25.512894,fraud_detector_v2,0.47301523601871753,72,0.3332874492478733,0,ALLOW,1.2920619323147384
79,2025-12-08 09:45:25.512894,fraud_detector_v1,0.2720189327660257,92,0.1388804050665847,0,ALLOW,4.5756461800138375
80,2025-12-08 09:50:25.512894,fraud_detector_v2,0.14233064613703175,31,0.13871184231942163,0,ALLOW,14.684410547503479
81,2025-12-08 09:55:25.512894,fraud_detector_v1,0.2200070646615562,9,0.6074227327454529,0,ALLOW,0.8259584741348595
82,2025-12-08 10:00:25.512894,fraud_detector_v2,0.7090909238783566,51,0.3934712790501914,0,ALLOW,6.221746534335587
83,2025-12-08 10:05:25.512894,fraud_detector_v1,0.007249039860402138,29,0.457184932142367,0,ALLOW,5.326880594677977
84,2025-12-08 10:10:25.512894,fraud_detector_v2,0.06169019611998802,78,0.22430048412367698,0,ALLOW,0.763350839258566
85,2025-12-08 10:15:25.512894,fraud_detector_v1,0.023547188476260264,40,0.18508269708091804,1,ALLOW,1.5291416269571294
86,2025-12-08 10:20:25.512894,fraud_detector_v1,0.020790725958646214,41,0.2287509890935366,1,ALLOW,1.581235310734901
87,2025-12-08 10:25:25.512894,fraud_detector_v2,0.9671015168078293,86,0.23825903621357405,0,ALLOW,11.480381569393202
88,2025-12-08 10:30:25.512894,fraud_detector_v1,0.6081203058503442,11,0.3588647145441718,0,ALLOW,0.598617645871308
89,2025-12-08 10:35:25.512894,fraud_detector_v2,0.3213922972064462,23,0.13411986552866315,0,ALLOW,4.815709817457503
90,2025-12-08 10:40:25.512894,fraud_detector_v2,0.05147845922390663,1,0.20554285194834154,0,ALLOW,1.2202650328046853
91,2025-12-08 10:45:25.512894,fraud_detector_v2,0.3382589828986166,46,0.4136114893771512,0,ALLOW,3.937686088607978
92,2025-12-08 10:50:25.512894,fraud_detector_v2,0.3207251660471856,21,0.19882833189680024,0,ALLOW,1.6342384456356505
93,2025-12-08 10:55:25.512894,fraud_detector_v2,0.09509735640011249,90,0.16123201679385415,0,ALLOW,2.590808543342461
94,2025-12-08 11:00:25.512894,fraud_detector_v2,0.2844495656511619,36,0.037720894429451916,0,FLAG_REVIEW,5.3623183617079295
95,2025-12-08 11:05:25.512894,fraud_detector_v2,0.25416830729160345,54,0.3787836929263559,0,ALLOW,4.891457088100644
96,2025-12-08 11:10:25.512894,fraud_detector_v2,0.47836121645656726,87,0.3426338951099141,0,ALLOW,6.039235687279048
97,2025-12-08 11:15:25.512894,fraud_detector_v2,0.504057268020456,57,0.4510559268059475,0,ALLOW,0.1844051575917665
98,2025-12-08 11:20:25.512894,fraud_detector_v2,0.023181162010267365,1,0.2972548907094657,0,FLAG_REVIEW,3.533458928177468
99,2025-12-08 11:25:25.512894,fraud_detector_v2,0.23469200232753076,63,0.3908296720817396,0,ALLOW,0.4524246348353986
100,2025-12-08 11:30:25.512894,fraud_detector_v1,0.49156249739136426,54,0.10668228465363792,0,ALLOW,1.612631019602592
101,2025-12-08 11:35:25.512894,fraud_detector_v1,0.34971972630389486,55,0.33094166257402097,0,ALLOW,2.38612725135047
102,2025-12-08 11:40:25.512894,fraud_detector_v2,0.9706747265877194,40,0.0796891995032622,0,ALLOW,1.5462056604436616
103,2025-12-08 11:45:25.512894,fraud_detector_v2,0.5374873820274989,15,0.21428544490625198,0,ALLOW,2.199481480222948
104,2025-12-08 11:50:25.512894,fraud_detector_v2,0.08892643438365366,21,0.3123253039132726,0,ALLOW,16.987612510816337
105,2025-12-08 11:55:25.512894,fraud_detector_v2,0.03659121812812042,47,0.22727838692150576,0,ALLOW,0.43583110001872644
106,2025-12-08 12:00:25.512894,fraud_detector_v2,0.5141970735544455,73,0.16803826174812772,0,ALLOW,3.3760028955068595
107,2025-12-08 12:05:25.512894,fraud_detector_v2,0.013434536333697214,53,0.08542349950363787,0,ALLOW,1.5125480430743588
108,2025-12-08 12:10:25.512894,fraud_detector_v2,0.44067368890364533,9,0.06685410199663483,0,ALLOW,0.4281828130501255
109,2025-12-08 12:15:25.512894,fraud_detector_v2,1.408627727693576,74,0.117502963063837,0,ALLOW,0.5185519910209594
110,2025-12-08 12:20:25.512894,fraud_detector_v1,0.42839122278877223,52,0.22852936409796065,0,ALLOW,8.943897180656501
111,2025-12-08 12:25:25.512894,fraud_detector_v2,0.24565034611195363,57,0.35692180282813046,0,ALLOW,6.350844532036494
112,2025-12-08 12:30:25.512894,fraud_detector_v1,0.515413578922491,26,0.41486319852294423,0,FLAG_REVIEW,7.126821224708333
113,2025-12-08 12:35:25.512894,fraud_detector_v2,0.30647798702554563,41,0.3042627840764287,0,ALLOW,14.314657645903537
114,2025-12-08 12:40:25.512894,fraud_detector_v2,0.3944071802881601,35,0.36683433051323155,0,ALLOW,0.7007765585578791
115,2025-12-08 12:45:25.512894,fraud_detector_v1,1.4190635731164996,63,0.15656806729427286,0,ALLOW,1.3175590124096515
116,2025-12-08 12:50:25.512894,fraud_detector_v2,0.24396376367509356,25,0.15453396752178175,0,ALLOW,3.318896533400959
117,2025-12-08 12:55:25.512894,fraud_detector_v1,1.624545930753377,90,0.40821674080829273,0,FLAG_REVIEW,1.983797736039572
118,2025-12-08 13:00:25.512894,fraud_detector_v2,1.1787880918849596,75,0.1857088297254499,1,ALLOW,1.6258630700105199
119,2025-12-08 13:05:25.512894,fraud_detector_v2,0.108948130470225,38,0.21041933340068442,0,ALLOW,1.3286190430582807
120,2025-12-08 13:10:25.512894,fraud_detector_v1,0.03594207765157851,2,0.34913797758925025,0,ALLOW,2.7025858496640023
121,2025-12-08 13:15:25.512894,fraud_detector_v2,0.053112667740815106,7,0.10029006563577614,0,ALLOW,2.5711901654377414
122,2025-12-08 13:20:25.512894,fraud_detector_v1,0.009194943923616852,82,0.5359833118160412,0,ALLOW,0.5282712349255326
123,2025-12-08 13:25:25.512894,fraud_detector_v2,0.04960250582787707,91,0.18120333619440948,0,ALLOW,1.9144991539672784
124,2025-12-08 13:30:25.512894,fraud_detector_v1,0.5744374362885836,34,0.4723836086313903,0,ALLOW,2.4187580084615323
125,2025-12-08 13:35:25.512894,fraud_detector_v1,0.03692481347321351,91,0.2526507219156809,0,ALLOW,2.5339127772395407
126,2025-12-08 13:40:25.512894,fraud_detector_v2,0.19207859414743425,17,0.48308592306040343,0,ALLOW,0.7075740898747201
127,2025-12-08 13:45:25.512894,fraud_detector_v2,0.9317630200486385,43,0.135549400424849,0,FLAG_REVIEW,4.0675444669757415
128,2025-12-08 13:50:25.512894,fraud_detector_v1,0.011773501590355754,59,0.1998267528373279,0,ALLOW,0.07656608595717816
129,2025-12-08 13:55:25.512894,fraud_detector_v2,0.8422652530929793,51,0.10153547864592857,0,ALLOW,1.314732921238472
130,2025-12-08 14:00:25.512894,fraud_detector_v2,0.16554173341981473,54,0.30563679793370035,0,ALLOW,4.545284352979364
131,2025-12-08 14:05:25.512894,fraud_detector_v2,0.06287505991455382,24,0.3793915366767042,0,ALLOW,2.4896024156301673
132,2025-12-08 14:10:25.512894,fraud_detector_v1,0.5965777042199567,25,0.5024115431013143,0,ALLOW,0.9080315478427137
133,2025-12-08 14:15:25.512894,fraud_detector_v1,0.49569958821661014,71,0.2075688674352602,0,ALLOW,3.561869421343417
134,2025-12-08 14:20:25.512894,fraud_detector_v1,1.0497079070434734,52,0.1338469942194503,0,ALLOW,2.51376249646483
135,2025-12-08 14:25:25.512894,fraud_detector_v1,0.6641467893822002,70,0.55229211732571,0,ALLOW,4.7724904881653885
136,2025-12-08 14:30:25.512894,fraud_detector_v1,0.8134979029969891,88,0.23027199817718413,0,ALLOW,3.9843614992153857
137,2025-12-08 14:35:25.512894,fraud_detector_v1,0.16566693115336928,33,0.6860885849900124,0,ALLOW,2.825655903969596
138,2025-12-08 14:40:25.512894,fraud_detector_v1,0.09766664802022348,49,0.2590727252537774,0,ALLOW,2.0093332087804874
139,2025-12-08 14:45:25.512894,fraud_detector_v1,0.6943781980027124,29,0.13020736659096002,0,ALLOW,0.42877916542570144
140,2025-12-08 14:50:25.512894,fraud_detector_v1,0.8221045916217098,63,0.30883297681988897,0,ALLOW,0.9087242781980708
141,2025-12-08 14:55:25.512894,fraud_detector_v2,2.3285024450701153,22,0.18198619846700737,0,ALLOW,1.6295272398851446
142,2025-12-08 15:00:25.512894,fraud_detector_v1,0.2660396770763025,26,0.3208650648048561,0,ALLOW,2.743621445914472
143,2025-12-08 15:05:25.512894,fraud_detector_v2,0.23262195598086635,28,0.5329461914723349,0,ALLOW,2.162837144178932
144,2025-12-08 15:10:25.512894,fraud_detector_v2,0.7489772516717935,85,0.27856899266996993,1,ALLOW,1.0198097004986535
145,2025-12-08 15:15:25.512894,fraud_detector_v2,0.20836683546537657,49,0.07647688294876982,0,ALLOW,0.019456026700140905
146,2025-12-08 15:20:25.512894,fraud_detector_v1,1.3350689621996632,71,0.4246526721018406,0,ALLOW,2.0569613106592066
147,2025-12-08 15:25:25.512894,fraud_detector_v1,0.9774195785831246,81,0.2513588051451907,0,ALLOW,1.009045884744549
148,2025-12-08 15:30:25.512894,fraud_detector_v1,0.28017780472107984,84,0.17471266869628094,1,ALLOW,3.979645301399172
149,2025-12-08 15:35:25.512894,fraud_detector_v1,0.6948923582477305,49,0.3909512004938254,0,ALLOW,0.0727129140277511
150,2025-12-08 15:40:25.512894,fraud_detector_v2,0.7023164934275086,20,0.5636875223496705,0,ALLOW,2.6371857968630046
151,2025-12-08 15:45:25.512894,fraud_detector_v1,0.05441875940335901,86,0.17875683783811006,0,ALLOW,8.51486471152027
152,2025-12-08 15:50:25.512894,fraud_detector_v1,1.164222840433816,92,0.20417871785968095,0,ALLOW,0.574968327050527
153,2025-12-08 15:55:25.512894,fraud_detector_v1,0.3518537448783772,63,0.11780738225015687,0,ALLOW,1.9139861167409034
154,2025-12-08 16:00:25.512894,fraud_detector_v1,0.875666278761665,61,0.37408072292069633,1,ALLOW,0.2876235900564198
155,2025-12-08 16:05:25.512894,fraud_detector_v1,0.19286771308225414,49,0.5356240833150483,0,ALLOW,2.9479480231934287
156,2025-12-08 16:10:25.512894,fraud_detector_v2,1.129395257272963,71,0.29451909170097157,0,ALLOW,2.399069721569761
157,2025-12-08 16:15:25.512894,fraud_detector_v1,0.2464942270300856,1,0.3626005526337284,0,ALLOW,1.5695324051138007
158,2025-12-08 16:20:25.512894,fraud_detector_v2,0.005448403307587739,96,0.3866342007882998,0,ALLOW,2.2105262780873973
159,2025-12-08 16:25:25.512894,fraud_detector_v1,1.1789536484812269,13,0.40782111322645187,0,ALLOW,6.806715793292646
160,2025-12-08 16:30:25.512894,fraud_detector_v2,0.04786280527423763,94,0.12968320923578333,0,ALLOW,0.655566373396639
161,2025-12-08 16:35:25.512894,fraud_detector_v1,0.19232681669251944,87,0.4298905200492068,0,ALLOW,0.06846895779000248
162,2025-12-08 16:40:25.512894,fraud_detector_v1,1.4984861915941428,51,0.17278963994093097,0,ALLOW,5.934228497427812
163,2025-12-08 16:45:25.512894,fraud_detector_v2,1.5039747700519948,56,0.16690349487351083,0,ALLOW,2.581979786293707
164,2025-12-08 16:50:25.512894,fraud_detector_v2,0.4259986455276319,83,0.6315421501115563,0,ALLOW,6.639836578809014
165,2025-12-08 16:55:25.512894,fraud_detector_v2,0.4996150401952623,62,0.38349463289722846,0,ALLOW,2.7260484126610147
166,2025-12-08 17:00:25.512894,fraud_detector_v1,0.2975073318114288,32,0.07644365946154691,0,ALLOW,4.984738225008126
167,2025-12-08 17:05:25.512894,fraud_detector_v2,0.1735113893730985,30,0.26635018400291016,0,ALLOW,1.6846381066103209
168,2025-12-08 17:10:25.512894,fraud_detector_v1,0.19924316727519487,29,0.2145934196091054,1,ALLOW,4.157202729504952
169,2025-12-08 17:15:25.512894,fraud_detector_v1,0.5581617899642531,49,0.23235716316351687,0,ALLOW,7.326971714610181
170,2025-12-08 17:20:25.512894,fraud_detector_v2,0.6979189368315386,45,0.10692156123060358,1,ALLOW,2.5467582692844193
171,2025-12-08 17:25:25.512894,fraud_detector_v2,0.7840977081105743,93,0.34162987805243844,0,ALLOW,0.5982266943188206
172,2025-12-08 17:30:25.512894,fraud_detector_v1,0.7794155159243709,30,0.27643299695438645,0,ALLOW,0.9391949913819831
173,2025-12-08 17:35:25.512894,fraud_detector_v1,0.04781847327015972,16,0.24768882908798273,0,ALLOW,0.664352118321884
174,2025-12-08 17:40:25.512894,fraud_detector_v2,0.341024798286678,40,0.032283230894240934,0,ALLOW,0.8505005964436556
175,2025-12-08 17:45:25.512894,fraud_detector_v2,0.029640853224368897,19,0.26232814168708124,0,BLOCK,1.097646383744212
176,2025-12-08 17:50:25.512894,fraud_detector_v2,0.39873065784769646,18,0.43072807587488793,0,ALLOW,2.429945059223007
177,2025-12-08 17:55:25.512894,fraud_detector_v1,0.2912776374936418,1,0.2608949681121991,0,BLOCK,2.6601348390109125
178,2025-12-08 18:00:25.512894,fraud_detector_v1,1.0933093321104006,78,0.08363998501106319,0,FLAG_REVIEW,1.6679907050511262
179,2025-12-08 18:05:25.512894,fraud_detector_v1,0.21609580973394255,47,0.1554601533391102,0,ALLOW,2.8668164309474227
180,2025-12-08 18:10:25.512894,fraud_detector_v1,0.06225298877622543,66,0.44928456512664505,0,ALLOW,0.2552848546113066
181,2025-12-08 18:15:25.512894,fraud_detector_v1,0.07715382727105968,92,0.6652623288023033,0,ALLOW,0.27564935895904513
182,2025-12-08 18:20:25.512894,fraud_detector_v1,0.7167152735395469,94,0.16322755664368777,0,ALLOW,0.5656085401598715
183,2025-12-08 18:25:25.512894,fraud_detector_v2,0.4814528398740175,38,0.033237989661920826,0,ALLOW,2.1899158865243655
184,2025-12-08 18:30:25.512894,fraud_detector_v1,0.05330435612269272,51,0.5094883100655807,0,ALLOW,0.7223751494157624
185,2025-12-08 18:35:25.512894,fraud_detector_v1,0.04392776083430254,63,0.6147077052773836,0,ALLOW,0.9992285239881342
186,2025-12-08 18:40:25.512894,fraud_detector_v1,0.6036042358265499,4,0.3500527414505139,0,ALLOW,1.5340414600817023
187,2025-12-08 18:45:25.512894,fraud_detector_v2,0.03777304476289857,1,0.1280797931395793,0,ALLOW,5.011804389755483
188,2025-12-08 18:50:25.512894,fraud_detector_v1,0.8625929269042907,8,0.5116572097800758,0,ALLOW,0.04187733769271288
189,2025-12-08 18:55:25.512894,fraud_detector_v1,0.6124998765650025,29,0.00572640553955396,0,ALLOW,3.1441466948101535
190,2025-12-08 19:00:25.512894,fraud_detector_v2,0.04242437529015603,55,0.15407207867050762,0,ALLOW,3.315791865465066
191,2025-12-08 19:05:25.512894,fraud_detector_v1,0.044326933888903346,3,0.2419859579326483,0,ALLOW,4.808217900302734
192,2025-12-08 19:10:25.512894,fraud_detector_v1,2.157729281029046,32,0.19275846146490697,0,FLAG_REVIEW,8.098145894862887
193,2025-12-08 19:15:25.512894,fraud_detector_v1,0.2344187912761448,10,0.6994711434186852,0,ALLOW,0.061030138213579284
194,2025-12-08 19:20:25.512894,fraud_detector_v1,0.23152763023765624,74,0.14322700608736835,0,ALLOW,0.5009408544334568
195,2025-12-08 19:25:25.512894,fraud_detector_v1,0.8377877016413385,83,0.1410603024774285,0,ALLOW,6.519181620092254
196,2025-12-08 19:30:25.512894,fraud_detector_v2,1.4710822689816219,34,0.443067259194217,0,ALLOW,1.8403394769871042
197,2025-12-08 19:35:25.512894,fraud_detector_v2,2.134386969800992,97,0.14611681124915524,0,ALLOW,2.494405891469001
198,2025-12-08 19:40:25.512894,fraud_detector_v2,0.6999496150581709,87,0.3331731005131881,0,ALLOW,3.263259225306469
199,2025-12-08 19:45:25.512894,fraud_detector_v1,0.23601049980956282,55,0.3223859170754776,0,ALLOW,3.4095650040656915
200,2025-12-08 19:50:25.512894,fraud_detector_v1,0.04359699684897863,92,0.38695817174523023,0,ALLOW,8.0533117321641
201,2025-12-08 19:55:25.512894,fraud_detector_v1,0.7506212702273128,32,0.18899000118604609,0,BLOCK,17.3772680821082
202,2025-12-08 20:00:25.512894,fraud_detector_v2,0.4086802037807465,50,0.21374538671444937,0,ALLOW,3.820584583393458
203,2025-12-08 20:05:25.512894,fraud_detector_v1,0.27601656265248686,7,0.18830074437202055,0,ALLOW,1.015752474136102
204,2025-12-08 20:10:25.512894,fraud_detector_v1,1.1841188377390452,93,0.40696491903549903,0,ALLOW,6.354607043086675
205,2025-12-08 20:15:25.512894,fraud_detector_v2,0.05894010398594012,8,0.2922983712094346,0,ALLOW,0.1514206215614686
206,2025-12-08 20:20:25.512894,fraud_detector_v1,0.33925255468647714,65,0.3052978400784932,0,ALLOW,0.7883083658491452
207,2025-12-08 20:25:25.512894,fraud_detector_v2,0.0057092947162708345,57,0.09155154692547592,0,ALLOW,6.830334449781143
208,2025-12-08 20:30:25.512894,fraud_detector_v2,0.3161771847914631,67,0.24505482095471098,0,ALLOW,0.88791506749807
209,2025-12-08 20:35:25.512894,fraud_detector_v2,0.028975215532962888,88,0.24639626393630806,0,FLAG_REVIEW,0.7478891990113236
210,2025-12-08 20:40:25.512894,fraud_detector_v1,0.06324549796558561,87,0.20382055117337522,0,ALLOW,0.44593611166152675
211,2025-12-08 20:45:25.512894,fraud_detector_v1,0.06251311600372814,59,0.20793084801807976,0,ALLOW,5.879364930924753
212,2025-12-08 20:50:25.512894,fraud_detector_v1,0.5237841932034858,72,0.33543412783386906,0,ALLOW,2.0797911171927383
213,2025-12-08 20:55:25.512894,fraud_detector_v1,0.6852988587982364,54,0.098930436075216,0,ALLOW,3.370804633932918
214,2025-12-08 21:00:25.512894,fraud_detector_v1,0.43777688860143427,67,0.15818104612948314,0,ALLOW,0.8196274728382078
215,2025-12-08 21:05:25.512894,fraud_detector_v1,1.6373601045511885,51,0.1749673616227943,1,ALLOW,4.256953787244935
216,2025-12-08 21:10:25.512894,fraud_detector_v1,0.2348982889601336,97,0.19938847831624049,0,ALLOW,4.2814183797473735
217,2025-12-08 21:15:25.512894,fraud_detector_v2,0.16823457871027936,92,0.07758936082744121,0,ALLOW,1.1245081238758368
218,2025-12-08 21:20:25.512894,fraud_detector_v1,1.0147512690851148,8,0.17500473307899203,0,ALLOW,1.5863712510950312
219,2025-12-08 21:25:25.512894,fraud_detector_v2,0.1265410338659267,34,0.32833972270268685,0,ALLOW,0.7059910694048752
220,2025-12-08 21:30:25.512894,fraud_detector_v1,1.6514350531259554,35,0.13061382137700847,0,ALLOW,11.260064917040445
221,2025-12-08 21:35:25.512894,fraud_detector_v1,0.006114472179484654,96,0.5298123212089787,0,ALLOW,3.1120089956614896
222,2025-12-08 21:40:25.512894,fraud_detector_v1,1.7512634614397409,88,0.045604807067790555,0,ALLOW,8.179125886306217
223,2025-12-08 21:45:25.512894,fraud_detector_v2,0.022059499309250948,78,0.38564968967441876,0,ALLOW,1.0845695055242484
224,2025-12-08 21:50:25.512894,fraud_detector_v2,1.1088606145800044,32,0.09817715019088141,0,ALLOW,4.568279826762268
225,2025-12-08 21:55:25.512894,fraud_detector_v2,0.37507162517469517,46,0.4403292219860998,0,ALLOW,4.355490780144816
226,2025-12-08 22:00:25.512894,fraud_detector_v2,2.4784143039630164,16,0.22492567232877775,0,ALLOW,3.529614321299446
227,2025-12-08 22:05:25.512894,fraud_detector_v1,0.03833068797722747,68,0.35552708514937215,0,ALLOW,10.112497076629737
228,2025-12-08 22:10:25.512894,fraud_detector_v2,0.4035548318666744,37,0.27003152239361966,0,ALLOW,1.5004253795642142
229,2025-12-08 22:15:25.512894,fraud_detector_v1,1.7417876106280026,54,0.3078665637718757,0,ALLOW,0.4202607519060347
230,2025-12-08 22:20:25.512894,fraud_detector_v1,0.370221966590522,85,0.11823486328747848,0,ALLOW,3.341563320142599
231,2025-12-08 22:25:25.512894,fraud_detector_v2,0.4963141451905937,14,0.5024463779946094,0,ALLOW,3.9203408616547586
232,2025-12-08 22:30:25.512894,fraud_detector_v2,0.5949506190583871,95,0.11992713100496782,1,ALLOW,2.567425938002794
233,2025-12-08 22:35:25.512894,fraud_detector_v2,0.30306387783847544,55,0.49036948308704476,0,ALLOW,0.6951073222561504
234,2025-12-08 22:40:25.512894,fraud_detector_v2,0.49383708650401104,48,0.152994630045701,0,ALLOW,2.106297036754374
235,2025-12-08 22:45:25.512894,fraud_detector_v2,0.4389129309028778,82,0.1334950813469955,0,FLAG_REVIEW,1.1227267769401574
236,2025-12-08 22:50:25.512894,fraud_detector_v2,1.1571163847413237,7,0.2130690881506596,0,ALLOW,1.6730522375352939
237,2025-12-08 22:55:25.512894,fraud_detector_v2,0.023255730871740488,74,0.26471288099573925,0,ALLOW,3.1087601572096784
238,2025-12-08 23:00:25.512894,fraud_detector_v2,0.16492136294937923,7,0.16383785244597565,0,ALLOW,4.10200265043664
239,2025-12-08 23:05:25.512894,fraud_detector_v1,1.5019980029304656,33,0.4099539555242093,0,ALLOW,0.7927744647543543
240,2025-12-08 23:10:25.512894,fraud_detector_v2,1.104837914226743,23,0.16912953482237678,0,ALLOW,1.5592225428490258
241,2025-12-08 23:15:25.512894,fraud_detector_v2,0.30408763097981,85,0.36512552815569643,0,ALLOW,0.9406886130324983
242,2025-12-08 23:20:25.512894,fraud_detector_v1,0.4839665143694886,19,0.5886543810835548,0,ALLOW,0.6643035895530636
243,2025-12-08 23:25:25.512894,fraud_detector_v2,0.16243670994756507,19,0.30792759597076946,0,ALLOW,4.588931830099639
244,2025-12-08 23:30:25.512894,fraud_detector_v1,0.10420208071803225,36,0.24742466684009712,0,ALLOW,7.19902949113114
245,2025-12-08 23:35:25.512894,fraud_detector_v1,0.3115292994020494,29,0.1867055224521043,0,ALLOW,1.3872122286990038
246,2025-12-08 23:40:25.512894,fraud_detector_v2,0.21797676730836668,60,0.30782380211028043,0,ALLOW,4.174269565781593
247,2025-12-08 23:45:25.512894,fraud_detector_v1,0.4381218530033215,82,0.19849857242548227,0,ALLOW,6.818941672416534
248,2025-12-08 23:50:25.512894,fraud_detector_v1,0.040461142216592395,2,0.2640952216523654,0,FLAG_REVIEW,5.614828691697516
249,2025-12-08 23:55:25.512894,fraud_detector_v1,1.8324800612612837,1,0.4611801911229351,0,ALLOW,0.6056633988094837
250,2025-12-09 00:00:25.512894,fraud_detector_v1,2.1419327877762693,47,0.38636210348454475,0,ALLOW,9.390664249226555
251,2025-12-09 00:05:25.512894,fraud_detector_v2,0.5989319409563947,69,0.05263737518198621,1,ALLOW,1.4180686132737197
252,2025-12-09 00:10:25.512894,fraud_detector_v1,0.38403921720604495,20,0.529799780020082,0,ALLOW,1.243096775766004
253,2025-12-09 00:15:25.512894,fraud_detector_v2,0.18518965077718,11,0.2488581173559915,0,ALLOW,0.1933958187497599
254,2025-12-09 00:20:25.512894,fraud_detector_v1,0.8404535837439984,2,0.4521349649971972,0,ALLOW,1.9976097571910931
255,2025-12-09 00:25:25.512894,fraud_detector_v1,0.5771647918244078,67,0.15756704912372066,0,ALLOW,0.346278398793115
256,2025-12-09 00:30:25.512894,fraud_detector_v1,0.08873682705024419,87,0.24707003838081548,0,ALLOW,0.8572111793573065
257,2025-12-09 00:35:25.512894,fraud_detector_v1,1.2091505459995637,12,0.16759824552406383,0,ALLOW,1.1435292414432385
258,2025-12-09 00:40:25.512894,fraud_detector_v2,0.8644972556836357,20,0.5263449027957744,0,FLAG_REVIEW,4.963718889025929
259,2025-12-09 00:45:25.512894,fraud_detector_v2,1.495869262516718,5,0.6980375557050992,0,ALLOW,6.250075217260761
260,2025-12-09 00:50:25.512894,fraud_detector_v1,0.6468020020980672,37,0.09255223335503823,0,ALLOW,1.0806134282242137
261,2025-12-09 00:55:25.512894,fraud_detector_v1,0.4752020097956864,38,0.13564106328018455,0,ALLOW,5.870570079489912
262,2025-12-09 01:00:25.512894,fraud_detector_v2,0.2708512532965567,94,0.3679991276381242,0,ALLOW,5.839580702388334
263,2025-12-09 01:05:25.512894,fraud_detector_v1,1.349509180773559,9,0.25497925546348554,0,ALLOW,4.340056647959354
264,2025-12-09 01:10:25.512894,fraud_detector_v1,1.00519619002346,98,0.05343850907229411,0,ALLOW,0.4759151024065824
265,2025-12-09 01:15:25.512894,fraud_detector_v1,0.023136469326561392,53,0.11273794762870094,0,FLAG_REVIEW,3.516674897385988
266,2025-12-09 01:20:25.512894,fraud_detector_v2,0.013360408433255682,44,0.15658677565799486,0,ALLOW,8.702579181977383
267,2025-12-09 01:25:25.512894,fraud_detector_v2,0.23617388079163143,99,0.32483337549849317,0,ALLOW,3.4422148828716956
268,2025-12-09 01:30:25.512894,fraud_detector_v2,0.8318238614980431,86,0.30580341638205505,0,ALLOW,1.208681072097797
269,2025-12-09 01:35:25.512894,fraud_detector_v1,2.182137734110084,24,0.47417979494005125,0,FLAG_REVIEW,2.082919461473682
270,2025-12-09 01:40:25.512894,fraud_detector_v1,0.08150475496723984,81,0.12503907183736157,0,ALLOW,3.1130458609102676
271,2025-12-09 01:45:25.512894,fraud_detector_v2,0.45086206510786786,74,0.17188397734674285,0,ALLOW,2.143543996240333
272,2025-12-09 01:50:25.512894,fraud_detector_v2,0.23973684987904806,30,0.17529585762145602,0,ALLOW,0.38333969290176595
273,2025-12-09 01:55:25.512894,fraud_detector_v2,1.7518542771879813,59,0.2430927295380098,0,ALLOW,1.1221786006163146
274,2025-12-09 02:00:25.512894,fraud_detector_v2,0.9229566037168173,87,0.014818530883298226,0,ALLOW,4.864471216736409
275,2025-12-09 02:05:25.512894,fraud_detector_v1,0.9110950232349286,96,0.1591812050577266,0,ALLOW,5.928880210238411
276,2025-12-09 02:10:25.512894,fraud_detector_v2,0.31620778556988677,81,0.15932869779136105,0,ALLOW,0.4430649324657211
277,2025-12-09 02:15:25.512894,fraud_detector_v1,0.2679174681636745,81,0.051912864652450076,0,ALLOW,9.133932736544724
278,2025-12-09 02:20:25.512894,fraud_detector_v2,0.1596944460750306,14,0.37292953262645556,0,ALLOW,1.1961654660778651
279,2025-12-09 02:25:25.512894,fraud_detector_v1,0.029013481922418108,9,0.318771073259258,0,ALLOW,3.256914106979683
280,2025-12-09 02:30:25.512894,fraud_detector_v2,1.0002130700016552,40,0.37834496329395306,0,ALLOW,4.180865173879575
281,2025-12-09 02:35:25.512894,fraud_detector_v2,0.8380587196249615,66,0.3273231564724032,0,ALLOW,5.013082113209023
282,2025-12-09 02:40:25.512894,fraud_detector_v2,4.086222798909041,25,0.5087585063709057,0,ALLOW,8.742440392961056
283,2025-12-09 02:45:25.512894,fraud_detector_v2,2.8474367003721666,73,0.09439873259277858,0,ALLOW,1.1259116621971268
284,2025-12-09 02:50:25.512894,fraud_detector_v1,0.405325796320697,22,0.578205180041069,0,ALLOW,5.866503534433746
285,2025-12-09 02:55:25.512894,fraud_detector_v2,0.7326415451031304,4,0.09297361769065966,0,ALLOW,0.4236087571054993
286,2025-12-09 03:00:25.512894,fraud_detector_v1,1.448085841437218,26,0.4109929884501339,0,FLAG_REVIEW,3.6627557935880404
287,2025-12-09 03:05:25.512894,fraud_detector_v1,0.9473860073546229,58,0.1577561851375478,0,ALLOW,4.064128134217857
288,2025-12-09 03:10:25.512894,fraud_detector_v1,0.14207622229057326,29,0.3440735303319132,0,ALLOW,3.3970338096630686
289,2025-12-09 03:15:25.512894,fraud_detector_v1,0.29941341369993224,98,0.3348242539812688,0,ALLOW,0.8723194793713694
290,2025-12-09 03:20:25.512894,fraud_detector_v2,0.06914817215654433,87,0.05256226287205885,0,ALLOW,6.191723971576621
291,2025-12-09 03:25:25.512894,fraud_detector_v1,1.5401118932208544,37,0.19571112430863988,1,ALLOW,0.5548655333271654
292,2025-12-09 03:30:25.512894,fraud_detector_v1,0.4659238512943091,75,0.2961334517437623,0,ALLOW,0.16538018686707365
293,2025-12-09 03:35:25.512894,fraud_detector_v1,0.12980186270924185,70,0.4145262260245681,0,ALLOW,3.79185842710945
294,2025-12-09 03:40:25.512894,fraud_detector_v2,0.5569147695866251,18,0.2184957960273134,0,ALLOW,1.9357906542662497
295,2025-12-09 03:45:25.512894,fraud_detector_v2,0.48133521737153584,85,0.48911681822414144,0,ALLOW,5.673374375244615
296,2025-12-09 03:50:25.512894,fraud_detector_v2,0.22171023114855304,42,0.07138373772435837,0,ALLOW,1.450590380753512
297,2025-12-09 03:55:25.512894,fraud_detector_v2,0.060269560699234635,41,0.11744327156347463,0,ALLOW,0.5527732085681974
298,2025-12-09 04:00:25.512894,fraud_detector_v1,0.556720641759551,38,0.6096553648709182,0,ALLOW,5.431766364774117
299,2025-12-09 04:05:25.512894,fraud_detector_v1,0.36730521209301886,34,0.09948999811096355,0,ALLOW,2.3882627587436924
300,2025-12-09 04:10:25.512894,fraud_detector_v2,0.7399035404802575,17,0.05498415342546775,0,FLAG_REVIEW,0.6291860248900066
301,2025-12-09 04:15:25.512894,fraud_detector_v1,0.36715493021175755,37,0.23119825228137791,0,ALLOW,3.823014121793476
302,2025-12-09 04:20:25.512894,fraud_detector_v1,0.955885055654242,25,0.3228659607869911,0,ALLOW,2.146875618188944
303,2025-12-09 04:25:25.512894,fraud_detector_v1,0.40137705951074376,76,0.27504042989619715,0,ALLOW,2.781395218256635
304,2025-12-09 04:30:25.512894,fraud_detector_v2,0.41155729049007356,87,0.5674350137982718,0,ALLOW,1.8535533419894747
305,2025-12-09 04:35:25.512894,fraud_detector_v2,1.0463793216148858,86,0.31823878045522946,0,ALLOW,5.293173959898264
306,2025-12-09 04:40:25.512894,fraud_detector_v1,0.2583236569940585,85,0.09731637664560908,0,ALLOW,5.308163651532709
307,2025-12-09 04:45:25.512894,fraud_detector_v2,0.07194397769514947,27,0.3555128889248599,0,ALLOW,3.7073071882113293
308,2025-12-09 04:50:25.512894,fraud_detector_v2,0.014602510716047342,57,0.06287367512343865,0,ALLOW,0.33414038298947935
309,2025-12-09 04:55:25.512894,fraud_detector_v2,0.7035287263312928,31,0.14761185884346462,0,ALLOW,5.47633090698697
310,2025-12-09 05:00:25.512894,fraud_detector_v2,0.4841994835303398,6,0.14198602983855593,0,ALLOW,3.335210950507318
311,2025-12-09 05:05:25.512894,fraud_detector_v2,0.6088326738989382,91,0.24433650421048905,0,ALLOW,3.5823066973295923
312,2025-12-09 05:10:25.512894,fraud_detector_v1,0.11974074674672174,40,0.24415321769315537,0,ALLOW,1.3528760568939304
313,2025-12-09 05:15:25.512894,fraud_detector_v2,0.07330627561413933,98,0.263732654813653,0,BLOCK,6.342833363692447
314,2025-12-09 05:20:25.512894,fraud_detector_v1,0.007325738132834391,12,0.22670363470173396,0,ALLOW,3.877009106070883
315,2025-12-09 05:25:25.512894,fraud_detector_v1,0.21584363075753463,53,0.20525608395053088,0,ALLOW,0.3583460908368109
316,2025-12-09 05:30:25.512894,fraud_detector_v2,0.4456986878324723,71,0.3408315196147963,0,ALLOW,1.5716213174693747
317,2025-12-09 05:35:25.512894,fraud_detector_v1,0.24899093378057535,10,0.3041876583796175,0,BLOCK,6.5246967526986595
318,2025-12-09 05:40:25.512894,fraud_detector_v1,0.2876597814142156,45,0.5368355302362698,0,ALLOW,0.14504039775729577
319,2025-12-09 05:45:25.512894,fraud_detector_v1,1.1725307614907208,17,0.5013975806701252,0,ALLOW,9.764800967712214
320,2025-12-09 05:50:25.512894,fraud_detector_v2,0.21405130721255586,26,0.061761263398376606,0,ALLOW,3.410462182503
321,2025-12-09 05:55:25.512894,fraud_detector_v2,0.36076251403616055,85,0.24052316831555365,0,ALLOW,2.9939341919565545
322,2025-12-09 06:00:25.512894,fraud_detector_v1,0.7654358688598508,92,0.23158300425335618,0,ALLOW,0.9464314296780065
323,2025-12-09 06:05:25.512894,fraud_detector_v2,0.25254006564958986,62,0.2785654644109534,0,ALLOW,0.8582172608683044
324,2025-12-09 06:10:25.512894,fraud_detector_v2,0.4865452376765427,46,0.11755065796978667,0,ALLOW,8.544949670552036
325,2025-12-09 06:15:25.512894,fraud_detector_v2,0.9915703218421533,64,0.19303541715303812,0,ALLOW,1.0626301852070543
326,2025-12-09 06:20:25.512894,fraud_detector_v2,1.4930952076873338,2,0.35170866482014684,0,ALLOW,4.481709496443816
327,2025-12-09 06:25:25.512894,fraud_detector_v1,0.07954093965741799,54,0.35721386534425076,0,ALLOW,1.4982814922447834
328,2025-12-09 06:30:25.512894,fraud_detector_v1,1.3058313815210394,65,0.16067599067085614,0,ALLOW,0.4498677183625306
329,2025-12-09 06:35:25.512894,fraud_detector_v2,0.3387513904977653,51,0.1565308281403231,0,ALLOW,0.03231935977077412
330,2025-12-09 06:40:25.512894,fraud_detector_v2,0.14936772717569788,53,0.3577078894037337,0,ALLOW,2.357480892974273
331,2025-12-09 06:45:25.512894,fraud_detector_v1,0.30729348368534876,36,0.5601879404817066,0,ALLOW,11.161583286206664
332,2025-12-09 06:50:25.512894,fraud_detector_v1,1.9568265487902958,26,0.3634480621442337,0,ALLOW,1.381995833360281
333,2025-12-09 06:55:25.512894,fraud_detector_v2,0.3392456463336799,29,0.17272151288857143,0,ALLOW,1.3257291576902996
334,2025-12-09 07:00:25.512894,fraud_detector_v1,0.1993080160502499,21,0.35630368530441386,0,ALLOW,1.2652024834423805
335,2025-12-09 07:05:25.512894,fraud_detector_v2,0.5017431369788298,11,0.3580352832278485,0,ALLOW,2.2053084353660166
336,2025-12-09 07:10:25.512894,fraud_detector_v2,0.13731423385780148,40,0.20439969623294493,0,ALLOW,1.7430194774141161
337,2025-12-09 07:15:25.512894,fraud_detector_v1,0.03944765248811752,11,0.4148020167468551,0,ALLOW,6.35865703564445
338,2025-12-09 07:20:25.512894,fraud_detector_v1,0.06898760985620793,36,0.4943807502280964,1,ALLOW,2.112750524267351
339,2025-12-09 07:25:25.512894,fraud_detector_v2,0.06850921203350356,59,0.2303120111019195,0,ALLOW,2.126353454328618
340,2025-12-09 07:30:25.512894,fraud_detector_v2,0.08237995077833649,39,0.47631805825684015,0,ALLOW,0.4467935568738433
341,2025-12-09 07:35:25.512894,fraud_detector_v1,0.07473003303375828,99,0.6900875717162905,0,ALLOW,12.178010985627969
342,2025-12-09 07:40:25.512894,fraud_detector_v2,0.5120420255379032,54,0.429538361354236,0,ALLOW,0.8629377827903609
343,2025-12-09 07:45:25.512894,fraud_detector_v1,0.10037317851724081,98,0.05123054704862063,0,ALLOW,0.22858358351667266
344,2025-12-09 07:50:25.512894,fraud_detector_v2,0.21206965789740262,55,0.24754307919453483,0,ALLOW,3.26431924813083
345,2025-12-09 07:55:25.512894,fraud_detector_v1,1.1354870625641789,24,0.463351090865937,0,FLAG_REVIEW,2.7143197168811435
346,2025-12-09 08:00:25.512894,fraud_detector_v1,0.32119057082329683,22,0.37060414956620646,0,ALLOW,1.6091773318062665
347,2025-12-09 08:05:25.512894,fraud_detector_v1,0.5506445418261903,69,0.24928537944233586,0,ALLOW,1.6455421505907604
348,2025-12-09 08:10:25.512894,fraud_detector_v2,0.09456425855660824,56,0.2228193357436538,0,ALLOW,4.612243806755168
349,2025-12-09 08:15:25.512894,fraud_detector_v2,0.10677549049754753,33,0.18995470754113647,0,ALLOW,0.6533959825455983
350,2025-12-09 08:20:25.512894,fraud_detector_v1,0.020863606358782653,36,0.4666101042681321,0,ALLOW,5.1486202403367844
351,2025-12-09 08:25:25.512894,fraud_detector_v2,0.09252367203279044,20,0.12281223707245882,1,ALLOW,3.1387465250968525
352,2025-12-09 08:30:25.512894,fraud_detector_v1,0.16327405931557276,83,0.011838901144318502,0,ALLOW,1.6288574970227707
353,2025-12-09 08:35:25.512894,fraud_detector_v1,0.09740590874155397,99,0.13809238687939063,0,ALLOW,1.8376262311847396
354,2025-12-09 08:40:25.512894,fraud_detector_v2,0.046442953930183786,81,0.2845590535483774,0,ALLOW,0.8897535745959722
355,2025-12-09 08:45:25.512894,fraud_detector_v2,0.06427810674667626,62,0.5227340800833191,0,ALLOW,4.1843629741754205
356,2025-12-09 08:50:25.512894,fraud_detector_v1,0.30881467168268956,98,0.21297330276600157,1,ALLOW,2.1577019589356783
357,2025-12-09 08:55:25.512894,fraud_detector_v2,0.11554610317254829,73,0.10969924624873471,0,ALLOW,1.1607598548347349
358,2025-12-09 09:00:25.512894,fraud_detector_v2,0.22649055775545926,26,0.06834948186598973,0,ALLOW,2.719393372886799
359,2025-12-09 09:05:25.512894,fraud_detector_v1,0.3500025923571652,66,0.4116185264162657,0,ALLOW,16.371553891901463
360,2025-12-09 09:10:25.512894,fraud_detector_v1,0.5862287170062711,73,0.13465024196724631,0,ALLOW,1.7141816021905583
361,2025-12-09 09:15:25.512894,fraud_detector_v2,0.020052865050007713,73,0.20538498885950152,0,ALLOW,7.603226151332899
362,2025-12-09 09:20:25.512894,fraud_detector_v1,0.8032471219130598,40,0.3392644746383326,0,ALLOW,1.2694372604576574
363,2025-12-09 09:25:25.512894,fraud_detector_v1,0.4942968451836482,17,0.15325202841655614,0,ALLOW,0.16886262500409593
364,2025-12-09 09:30:25.512894,fraud_detector_v2,0.04264771518816713,1,0.6396981219826352,0,ALLOW,0.6853808793931881
365,2025-12-09 09:35:25.512894,fraud_detector_v1,1.0340673492440453,89,0.42894564324970363,0,ALLOW,1.627439848389467
366,2025-12-09 09:40:25.512894,fraud_detector_v1,1.268346773189464,61,0.20296066172211985,0,ALLOW,0.7439802855954182
367,2025-12-09 09:45:25.512894,fraud_detector_v2,0.0315114137800817,43,0.4919384537697706,0,ALLOW,0.0006811919860004207
368,2025-12-09 09:50:25.512894,fraud_detector_v2,0.1620884215643254,42,0.23965473070594023,0,ALLOW,7.39536634140854
369,2025-12-09 09:55:25.512894,fraud_detector_v1,0.8204675916133213,25,0.04610590027618098,0,ALLOW,5.571379696251275
370,2025-12-09 10:00:25.512894,fraud_detector_v1,0.6896786201071542,39,0.21792440888925213,0,ALLOW,4.067787048628472
371,2025-12-09 10:05:25.512894,fraud_detector_v2,0.10198981603090024,35,0.21498975500174689,0,ALLOW,0.5511000636446034
372,2025-12-09 10:10:25.512894,fraud_detector_v2,0.11744951559076662,3,0.3149147251126866,0,ALLOW,0.38473983499773934
373,2025-12-09 10:15:25.512894,fraud_detector_v2,0.23139255501218486,44,0.3937829547937349,1,ALLOW,0.20999539694319974
374,2025-12-09 10:20:25.512894,fraud_detector_v2,0.3313312823343072,51,0.2397249796626139,0,ALLOW,3.8623805258436588
375,2025-12-09 10:25:25.512894,fraud_detector_v1,0.481500917029276,94,0.17804011286312926,0,FLAG_REVIEW,7.927122822687724
376,2025-12-09 10:30:25.512894,fraud_detector_v2,0.23015628150017559,98,0.3596812797268096,0,ALLOW,1.6891781908639734
377,2025-12-09 10:35:25.512894,fraud_detector_v2,0.3104455546104588,12,0.05868874210510942,0,ALLOW,0.38057201666798696
378,2025-12-09 10:40:25.512894,fraud_detector_v1,0.6881144701949212,19,0.4423528978713429,0,ALLOW,2.1547354734008537
379,2025-12-09 10:45:25.512894,fraud_detector_v2,0.01868647616073923,44,0.42887595715070104,0,ALLOW,1.2869623903032048
380,2025-12-09 10:50:25.512894,fraud_detector_v1,0.1454683109411986,59,0.29856673231266356,0,ALLOW,1.4091706422969152
381,2025-12-09 10:55:25.512894,fraud_detector_v2,0.6247459374780129,49,0.12534025495832682,0,ALLOW,2.9132754416290947
382,2025-12-09 11:00:25.512894,fraud_detector_v2,1.1278833771653067,61,0.19740920792742248,0,ALLOW,3.8051938704667485
383,2025-12-09 11:05:25.512894,fraud_detector_v2,0.3583895561042004,17,0.47986506157265263,0,ALLOW,0.3516367419580512
384,2025-12-09 11:10:25.512894,fraud_detector_v1,0.37976475117653447,74,0.06423019594074096,0,ALLOW,0.10871700873447596
385,2025-12-09 11:15:25.512894,fraud_detector_v1,0.05668066927033169,57,0.3125413595825751,0,ALLOW,15.517858639174204
386,2025-12-09 11:20:25.512894,fraud_detector_v2,0.2965716230417754,55,0.09504926054136024,0,ALLOW,0.7947431004196326
387,2025-12-09 11:25:25.512894,fraud_detector_v1,0.38030339952764497,47,0.32588497535664424,0,FLAG_REVIEW,0.16600073049047556
388,2025-12-09 11:30:25.512894,fraud_detector_v1,0.13884640163032666,12,0.2493819556768163,0,ALLOW,0.6317013853887274
389,2025-12-09 11:35:25.512894,fraud_detector_v1,0.15683730593927192,62,0.4095227149851231,0,ALLOW,0.11921101983665343
390,2025-12-09 11:40:25.512894,fraud_detector_v1,0.236832492401236,80,0.6476793134341847,0,ALLOW,1.49180825035547
391,2025-12-09 11:45:25.512894,fraud_detector_v1,0.010137680375157257,88,0.2773624081806177,0,FLAG_REVIEW,4.864558572999769
392,2025-12-09 11:50:25.512894,fraud_detector_v1,0.19436238062806788,83,0.17581861203732138,0,ALLOW,1.2522082612405012
393,2025-12-09 11:55:25.512894,fraud_detector_v2,0.11877846781181493,8,0.10794772912430244,0,ALLOW,1.7619507229092066
394,2025-12-09 12:00:25.512894,fraud_detector_v2,0.19837461511599133,95,0.32976226584088053,0,ALLOW,3.377211556755302
395,2025-12-09 12:05:25.512894,fraud_detector_v1,0.06378155164239063,21,0.4268439485946315,0,ALLOW,2.133286293654927
396,2025-12-09 12:10:25.512894,fraud_detector_v2,1.1060399499715123,81,0.5274741776805967,0,ALLOW,5.929478614614198
397,2025-12-09 12:15:25.512894,fraud_detector_v2,0.4501994069397799,87,0.39144432427739456,0,ALLOW,6.030545238485766
398,2025-12-09 12:20:25.512894,fraud_detector_v2,0.5683164789465158,80,0.04647433239922469,0,BLOCK,0.02988040004183265
399,2025-12-09 12:25:25.512894,fraud_detector_v2,0.7783545161888956,70,0.24193224062000476,0,ALLOW,4.515859519888407
400,2025-12-09 12:30:25.512894,fraud_detector_v1,0.34501821092444257,72,0.36185958575445887,0,ALLOW,1.8526367460401152
401,2025-12-09 12:35:25.512894,fraud_detector_v2,0.045466047258727924,25,0.20131777656457062,0,ALLOW,13.486403481353356
402,2025-12-09 12:40:25.512894,fraud_detector_v2,0.3851291816474113,82,0.303369599843127,0,ALLOW,1.9804841842871261
403,2025-12-09 12:45:25.512894,fraud_detector_v1,0.4419615289356868,89,0.7016664786282043,0,ALLOW,13.004500752961182
404,2025-12-09 12:50:25.512894,fraud_detector_v1,0.6841083244042047,12,0.4860781403415911,0,ALLOW,4.214222706109155
405,2025-12-09 12:55:25.512894,fraud_detector_v2,0.28251732469149105,15,0.33914655658144083,0,ALLOW,0.8574709396395939
406,2025-12-09 13:00:25.512894,fraud_detector_v2,0.06824233336465611,59,0.049288996170837526,0,ALLOW,2.3191370612581257
407,2025-12-09 13:05:25.512894,fraud_detector_v2,0.16688109013085195,26,0.37167852870614254,0,ALLOW,14.536242157961581
408,2025-12-09 13:10:25.512894,fraud_detector_v2,0.22555741273731172,26,0.3275587682629464,0,ALLOW,5.845884280757832
409,2025-12-09 13:15:25.512894,fraud_detector_v2,0.5191123058109308,47,0.3346719886441486,0,ALLOW,0.3073173406385913
410,2025-12-09 13:20:25.512894,fraud_detector_v2,0.4228908606007098,32,0.15231369526667302,0,ALLOW,3.6763248242324678
411,2025-12-09 13:25:25.512894,fraud_detector_v1,0.22010337982590308,10,0.32953274662697285,0,FLAG_REVIEW,1.2720158969849145
412,2025-12-09 13:30:25.512894,fraud_detector_v2,2.153097886084906,16,0.02028770672331838,0,ALLOW,0.021020255804173382
413,2025-12-09 13:35:25.512894,fraud_detector_v2,0.46541650423360464,71,0.0959430303712714,0,FLAG_REVIEW,1.549932400667347
414,2025-12-09 13:40:25.512894,fraud_detector_v1,0.13539726437839997,17,0.21752351739020506,0,ALLOW,0.8026754379530054
415,2025-12-09 13:45:25.512894,fraud_detector_v1,0.05367150231244343,23,0.19160888718789615,0,ALLOW,5.125608738313133
416,2025-12-09 13:50:25.512894,fraud_detector_v1,0.08294414629491294,26,0.5267666218862919,0,ALLOW,1.2344372071272867
417,2025-12-09 13:55:25.512894,fraud_detector_v1,0.14115342469757047,85,0.1933616325648567,0,ALLOW,5.272486224596907
418,2025-12-09 14:00:25.512894,fraud_detector_v2,0.08758243747714702,86,0.17637335213199237,0,ALLOW,0.001794353014538657
419,2025-12-09 14:05:25.512894,fraud_detector_v2,0.1032458727272902,7,0.12809823861390093,0,ALLOW,1.1037240408478273
420,2025-12-09 14:10:25.512894,fraud_detector_v2,0.16780292410772327,14,0.33978245517231526,0,ALLOW,0.8279135968218663
421,2025-12-09 14:15:25.512894,fraud_detector_v2,0.0952012168314435,79,0.6475443160306562,0,ALLOW,0.7980253977003384
422,2025-12-09 14:20:25.512894,fraud_detector_v2,1.1353757246779577,7,0.17613828915465354,0,ALLOW,0.2118681604387885
423,2025-12-09 14:25:25.512894,fraud_detector_v2,0.04181785629600008,9,0.6090683351185155,0,ALLOW,0.6215311057535057
424,2025-12-09 14:30:25.512894,fraud_detector_v1,0.37170617505635134,48,0.3622944774339976,0,ALLOW,2.4327502456489887
425,2025-12-09 14:35:25.512894,fraud_detector_v2,0.26415277824465117,72,0.0864481433728293,0,ALLOW,1.0332274582422336
426,2025-12-09 14:40:25.512894,fraud_detector_v1,2.01932108300796,59,0.2666448365317513,0,ALLOW,1.620736435978607
427,2025-12-09 14:45:25.512894,fraud_detector_v1,0.05941367284870245,87,0.08904558910665783,0,ALLOW,1.418985323444473
428,2025-12-09 14:50:25.512894,fraud_detector_v2,0.2536289968712152,93,0.5642227587090671,0,ALLOW,6.260121819886603
429,2025-12-09 14:55:25.512894,fraud_detector_v1,1.7445298320633575,82,0.24005557529443208,0,ALLOW,7.071092126205763
430,2025-12-09 15:00:25.512894,fraud_detector_v2,1.0031220309840774,95,0.0589800185697164,0,ALLOW,2.0374782313896245
431,2025-12-09 15:05:25.512894,fraud_detector_v1,0.8493315170180897,94,0.24223973838859592,1,ALLOW,1.2021310660662214
432,2025-12-09 15:10:25.512894,fraud_detector_v2,0.1491375417667523,39,0.23511251792796733,0,ALLOW,0.338836641589293
433,2025-12-09 15:15:25.512894,fraud_detector_v1,0.09369976639324377,99,0.35972099611849756,0,ALLOW,9.198649587224757
434,2025-12-09 15:20:25.512894,fraud_detector_v2,0.5522797993408918,18,0.3403241826897958,0,ALLOW,0.1863505908365365
435,2025-12-09 15:25:25.512894,fraud_detector_v2,1.3251925474799777,59,0.5625166933203313,0,FLAG_REVIEW,1.0599714567140115
436,2025-12-09 15:30:25.512894,fraud_detector_v2,0.4068252109523711,17,0.2097629404001892,0,ALLOW,1.061748549192511
437,2025-12-09 15:35:25.512894,fraud_detector_v2,0.42386378072929326,14,0.07694456356066127,0,ALLOW,1.1587583450461583
438,2025-12-09 15:40:25.512894,fraud_detector_v2,0.1642375154053254,31,0.3943123177223955,0,ALLOW,0.5384095162101333
439,2025-12-09 15:45:25.512894,fraud_detector_v1,0.7337368792060442,24,0.17760895187220027,0,ALLOW,4.58580637078741
440,2025-12-09 15:50:25.512894,fraud_detector_v1,0.10353899107303542,99,0.15170106980096262,0,ALLOW,0.39202766141726775
441,2025-12-09 15:55:25.512894,fraud_detector_v1,0.19554390655961632,60,0.08127069937293346,0,ALLOW,3.0228066892351997
442,2025-12-09 16:00:25.512894,fraud_detector_v2,0.27707227503491527,45,0.27349370783515065,0,ALLOW,0.39664030467171374
443,2025-12-09 16:05:25.512894,fraud_detector_v1,0.35424248132234926,98,0.5066751558500042,0,FLAG_REVIEW,0.21944043948394024
444,2025-12-09 16:10:25.512894,fraud_detector_v2,0.13880629178480292,3,0.2658911324970952,0,ALLOW,7.204880300144778
445,2025-12-09 16:15:25.512894,fraud_detector_v2,0.06099163607206772,37,0.23261098264610255,1,ALLOW,0.6326400441500339
446,2025-12-09 16:20:25.512894,fraud_detector_v1,0.47159982871467826,43,0.5516587058543272,0,ALLOW,5.165303886234204
447,2025-12-09 16:25:25.512894,fraud_detector_v1,0.1702816842182709,40,0.2825750744595417,1,ALLOW,2.3599407499280054
448,2025-12-09 16:30:25.512894,fraud_detector_v2,0.4352265341462218,90,0.07797739061231497,0,ALLOW,0.2431633466618474
449,2025-12-09 16:35:25.512894,fraud_detector_v1,0.0838323763853399,55,0.16581129369971,0,ALLOW,9.333307588985646
450,2025-12-09 16:40:25.512894,fraud_detector_v2,0.3280606890142638,87,0.2230271708267983,0,ALLOW,0.8509154443562437
451,2025-12-09 16:45:25.512894,fraud_detector_v2,0.3802736240645389,39,0.41771108110152405,0,ALLOW,5.890748436462662
452,2025-12-09 16:50:25.512894,fraud_detector_v2,0.026607325728560664,15,0.6592702778057513,0,ALLOW,0.554690631083135
453,2025-12-09 16:55:25.512894,fraud_detector_v2,0.20519180069021162,4,0.17979423659417468,0,FLAG_REVIEW,5.771272546719609
454,2025-12-09 17:00:25.512894,fraud_detector_v2,0.0721746634159658,93,0.38543892301234367,0,ALLOW,0.03995127922912334
455,2025-12-09 17:05:25.512894,fraud_detector_v1,0.03273612938626244,86,0.1651364097358811,0,ALLOW,2.150970270652673
456,2025-12-09 17:10:25.512894,fraud_detector_v1,2.300600655697662,25,0.3404942837642418,0,FLAG_REVIEW,4.401766003291132
457,2025-12-09 17:15:25.512894,fraud_detector_v2,0.19456501125971012,13,0.1994209401467138,0,ALLOW,8.190681186906076
458,2025-12-09 17:20:25.512894,fraud_detector_v2,0.8300353068849493,82,0.47201084756759604,0,ALLOW,7.19735856046441
459,2025-12-09 17:25:25.512894,fraud_detector_v1,0.1469444171467007,33,0.14537609007872926,0,ALLOW,5.138149615979351
460,2025-12-09 17:30:25.512894,fraud_detector_v1,0.5720706755101758,16,0.4835382002222453,0,ALLOW,6.572899043762115
461,2025-12-09 17:35:25.512894,fraud_detector_v2,0.7140331114141043,42,0.478435130777553,0,ALLOW,0.6665059019907542
462,2025-12-09 17:40:25.512894,fraud_detector_v1,0.4527232970845699,66,0.20213314743821845,0,ALLOW,1.0029976241970653
463,2025-12-09 17:45:25.512894,fraud_detector_v2,0.3189283220226359,55,0.7112894118438569,0,FLAG_REVIEW,1.023115744235925
464,2025-12-09 17:50:25.512894,fraud_detector_v1,0.2653789067526889,99,0.2514542633701141,0,ALLOW,1.4198859916730358
465,2025-12-09 17:55:25.512894,fraud_detector_v2,0.2145216508519874,42,0.11856610341423056,0,ALLOW,1.4992647444173892
466,2025-12-09 18:00:25.512894,fraud_detector_v1,1.3262780241103904,34,0.10425571292167236,0,ALLOW,2.3594430865047107
467,2025-12-09 18:05:25.512894,fraud_detector_v2,0.887803535570899,30,0.15987138726013125,0,FLAG_REVIEW,0.5226307756160725
468,2025-12-09 18:10:25.512894,fraud_detector_v1,1.6765881947078458,13,0.19059670626955535,0,ALLOW,3.5256377566406343
469,2025-12-09 18:15:25.512894,fraud_detector_v1,0.06636427091805278,13,0.46441130416967674,0,BLOCK,0.5502059622431361
470,2025-12-09 18:20:25.512894,fraud_detector_v2,0.6562756817302537,18,0.29794200100473117,0,ALLOW,1.1145325706181695
471,2025-12-09 18:25:25.512894,fraud_detector_v1,1.3930636326306203,32,0.24178338724256637,0,ALLOW,2.09957976567343
472,2025-12-09 18:30:25.512894,fraud_detector_v2,0.09997790485039884,96,0.7684995436296451,0,ALLOW,4.775391707343345
473,2025-12-09 18:35:25.512894,fraud_detector_v1,0.034405158736248435,99,0.41114036751009564,0,ALLOW,4.035102954580686
474,2025-12-09 18:40:25.512894,fraud_detector_v2,0.675696576594311,39,0.1801315318540516,0,ALLOW,3.1114315584836674
475,2025-12-09 18:45:25.512894,fraud_detector_v1,0.42721357209933486,46,0.2866003283191909,0,ALLOW,0.5080025155921792
476,2025-12-09 18:50:25.512894,fraud_detector_v2,0.9220385706607389,29,0.319168850160598,0,ALLOW,2.3758897776184553
477,2025-12-09 18:55:25.512894,fraud_detector_v1,0.0752791232070963,62,0.009083207941940705,0,ALLOW,0.2745257012386352
478,2025-12-09 19:00:25.512894,fraud_detector_v2,0.793025055515934,93,0.334388949739331,0,ALLOW,1.4213756354530303
479,2025-12-09 19:05:25.512894,fraud_detector_v1,0.11258988653351147,62,0.0837125339843397,0,FLAG_REVIEW,1.6008323877702382
480,2025-12-09 19:10:25.512894,fraud_detector_v2,0.089357599482759,57,0.43678824855161674,0,ALLOW,0.12187678969077011
481,2025-12-09 19:15:25.512894,fraud_detector_v2,0.08972232827997535,16,0.03689723951568239,0,ALLOW,0.9605666171311427
482,2025-12-09 19:20:25.512894,fraud_detector_v2,0.8425516412820043,56,0.34510627907532937,0,ALLOW,9.34689167480742
483,2025-12-09 19:25:25.512894,fraud_detector_v1,0.5471068195079845,10,0.30276937507682017,0,ALLOW,9.213476465244426
484,2025-12-09 19:30:25.512894,fraud_detector_v2,0.3701879781730222,30,0.16006112262989203,0,ALLOW,1.303108270179609
485,2025-12-09 19:35:25.512894,fraud_detector_v1,0.22223070083903407,25,0.35118908695148865,0,ALLOW,0.13216950015726683
486,2025-12-09 19:40:25.512894,fraud_detector_v2,1.0486013336471662,84,0.13784394659121094,0,ALLOW,0.5920434445864435
487,2025-12-09 19:45:25.512894,fraud_detector_v1,0.24915637484872247,5,0.15828834654228774,0,ALLOW,1.493816022220929
488,2025-12-09 19:50:25.512894,fraud_detector_v2,0.8480413314240348,65,0.293707686558529,1,ALLOW,8.856851795741461
489,2025-12-09 19:55:25.512894,fraud_detector_v1,0.2891374405569402,94,0.3577519823150224,0,ALLOW,0.4566543676389684
490,2025-12-09 20:00:25.512894,fraud_detector_v1,0.23655978290886856,49,0.11490367851725214,0,ALLOW,4.325622196646483
491,2025-12-09 20:05:25.512894,fraud_detector_v2,0.3105805299498013,3,0.18877592842610008,0,ALLOW,0.3451638539157878
492,2025-12-09 20:10:25.512894,fraud_detector_v1,0.17932263771532103,45,0.42753955977034724,0,ALLOW,11.930897207346064
493,2025-12-09 20:15:25.512894,fraud_detector_v1,0.6883886564684697,14,0.10845713854624354,0,ALLOW,1.4419393871508994
494,2025-12-09 20:20:25.512894,fraud_detector_v2,0.349301407847798,30,0.13209262435097396,0,ALLOW,4.478093446668776
495,2025-12-09 20:25:25.512894,fraud_detector_v1,0.13212126549853262,68,0.2962830298270702,0,FLAG_REVIEW,1.2583471605496763
496,2025-12-09 20:30:25.512894,fraud_detector_v1,1.1491699247752918,18,0.35047642346743885,0,ALLOW,2.96391511638623
497,2025-12-09 20:35:25.512894,fraud_detector_v1,0.24216587117935565,62,0.38272184619187055,0,ALLOW,0.6396393825470006
498,2025-12-09 20:40:25.512894,fraud_detector_v2,0.39214119108888174,37,0.25820741312335704,0,ALLOW,0.4735460947691263
499,2025-12-09 20:45:25.512894,fraud_detector_v1,1.1847478043548132,25,0.4108356219682849,0,ALLOW,8.344967815723175
500,2025-12-09 20:50:25.512894,fraud_detector_v2,0.48939965192866536,48,0.3471279734378104,0,ALLOW,7.4902313031199865
