-- ============================================================
-- Seed Data for DAO Quadratic Funding Platform
-- Sample users, wallets, rounds, proposals, donations
-- ============================================================

-- ============================================================
-- SAMPLE MATCHING POOLS
-- ============================================================
INSERT INTO matching_pool (pool_id, total_funds, allocated_funds, replenished_by) VALUES
    ('a1b2c3d4-e5f6-4a5b-8c9d-0e1f2a3b4c5d', 100000.000000000000000000, 25000.000000000000000000, 'DAO Treasury'),
    ('b2c3d4e5-f6a7-5b6c-9d0e-1f2a3b4c5d6e', 50000.000000000000000000, 10000.000000000000000000, 'Community Fund');

-- ============================================================
-- SAMPLE WALLETS
-- ============================================================
INSERT INTO wallets (wallet_id, address, balance, status) VALUES
    ('11111111-1111-1111-1111-111111111111', '0x1234567890123456789012345678901234567890', 1500.500000000000000000, 'active'),
    ('22222222-2222-2222-2222-222222222222', '0xabcdefabcdefabcdefabcdefabcdefabcdefabcd', 2500.750000000000000000, 'active'),
    ('33333333-3333-3333-3333-333333333333', '0x9876543210987654321098765432109876543210', 500.250000000000000000, 'active'),
    ('44444444-4444-4444-4444-444444444444', '0xfedcbafedcbafedcbafedcbafedcbafedcbafedc', 10000.000000000000000000, 'active'),
    ('55555555-5555-5555-5555-555555555555', '0x1111111111111111111111111111111111111111', 750.000000000000000000, 'flagged');

-- ============================================================
-- SAMPLE DONORS (Users)
-- Password hash is bcrypt of 'password123' - in production use proper hashing
-- ============================================================
INSERT INTO donors (donor_id, wallet_id, username, email, password_hash, reputation_score, is_verified) VALUES
    ('aaaa1111-aaaa-1111-aaaa-111111111111', '11111111-1111-1111-1111-111111111111', 'alice_dao', 'alice@dao.org', '$2b$12$LQv3c1yqBWVHxkd0LHAkCOYz6TtxMQJqhN8/X4U.LQ5JvW7wCnNey', 0.85, TRUE),
    ('bbbb2222-bbbb-2222-bbbb-222222222222', '22222222-2222-2222-2222-222222222222', 'bob_builder', 'bob@builder.io', '$2b$12$LQv3c1yqBWVHxkd0LHAkCOYz6TtxMQJqhN8/X4U.LQ5JvW7wCnNey', 0.92, TRUE),
    ('cccc3333-cccc-3333-cccc-333333333333', '33333333-3333-3333-3333-333333333333', 'carol_crypto', 'carol@crypto.net', '$2b$12$LQv3c1yqBWVHxkd0LHAkCOYz6TtxMQJqhN8/X4U.LQ5JvW7wCnNey', 0.78, TRUE),
    ('dddd4444-dddd-4444-dddd-444444444444', '44444444-4444-4444-4444-444444444444', 'david_dev', 'david@dev.com', '$2b$12$LQv3c1yqBWVHxkd0LHAkCOYz6TtxMQJqhN8/X4U.LQ5JvW7wCnNey', 0.95, TRUE),
    ('eeee5555-eeee-5555-eeee-555555555555', '55555555-5555-5555-5555-555555555555', 'eve_hacker', 'eve@suspicious.xyz', '$2b$12$LQv3c1yqBWVHxkd0LHAkCOYz6TtxMQJqhN8/X4U.LQ5JvW7wCnNey', 0.25, FALSE);

-- ============================================================
-- SAMPLE SYBIL SCORES
-- ============================================================
INSERT INTO sybil_scores (wallet_id, score, verified_by) VALUES
    ('11111111-1111-1111-1111-111111111111', 0.92, 'Gitcoin Passport'),
    ('22222222-2222-2222-2222-222222222222', 0.88, 'BrightID'),
    ('33333333-3333-3333-3333-333333333333', 0.75, 'Worldcoin'),
    ('44444444-4444-4444-4444-444444444444', 0.95, 'Multi-verify'),
    ('55555555-5555-5555-5555-555555555555', 0.15, 'Suspicious activity detected');

-- ============================================================
-- SAMPLE GOVERNANCE TOKENS
-- ============================================================
INSERT INTO governance_token (wallet_id, voting_power, role) VALUES
    ('11111111-1111-1111-1111-111111111111', 1500.000000000000000000, 'member'),
    ('22222222-2222-2222-2222-222222222222', 5000.000000000000000000, 'council'),
    ('33333333-3333-3333-3333-333333333333', 500.000000000000000000, 'member'),
    ('44444444-4444-4444-4444-444444444444', 25000.000000000000000000, 'admin');

-- ============================================================
-- SAMPLE ROUNDS
-- ============================================================
INSERT INTO rounds (round_id, start_date, end_date, matching_pool_id, status, title, description) VALUES
    ('r1111111-1111-1111-1111-111111111111', '2024-01-01 00:00:00', '2024-01-31 23:59:59', 'a1b2c3d4-e5f6-4a5b-8c9d-0e1f2a3b4c5d', 'closed', 'Q1 2024 Funding Round', 'First funding round of 2024'),
    ('r2222222-2222-2222-2222-222222222222', '2024-04-01 00:00:00', '2024-04-30 23:59:59', 'a1b2c3d4-e5f6-4a5b-8c9d-0e1f2a3b4c5d', 'closed', 'Q2 2024 Spring Round', 'Spring funding for ecosystem projects'),
    ('r3333333-3333-3333-3333-333333333333', '2024-12-01 00:00:00', '2024-12-31 23:59:59', 'b2c3d4e5-f6a7-5b6c-9d0e-1f2a3b4c5d6e', 'active', 'Winter 2024 Round', 'Current active funding round');

-- ============================================================
-- SAMPLE PROPOSALS
-- ============================================================
INSERT INTO proposals (proposal_id, title, description, proposer_id, status, round_id, total_donations) VALUES
    ('p1111111-1111-1111-1111-111111111111', 'DeFi Education Platform', 'Building free educational resources for DeFi newcomers', 'aaaa1111-aaaa-1111-aaaa-111111111111', 'funded', 'r1111111-1111-1111-1111-111111111111', 5000.000000000000000000),
    ('p2222222-2222-2222-2222-222222222222', 'Open Source Wallet', 'Non-custodial wallet with enhanced privacy features', 'bbbb2222-bbbb-2222-bbbb-222222222222', 'approved', 'r3333333-3333-3333-3333-333333333333', 3500.000000000000000000),
    ('p3333333-3333-3333-3333-333333333333', 'DAO Governance Tools', 'Suite of tools for DAO proposal creation and voting', 'cccc3333-cccc-3333-cccc-333333333333', 'approved', 'r3333333-3333-3333-3333-333333333333', 2000.000000000000000000),
    ('p4444444-4444-4444-4444-444444444444', 'NFT Marketplace', 'Decentralized marketplace for digital collectibles', 'dddd4444-dddd-4444-dddd-444444444444', 'pending', 'r3333333-3333-3333-3333-333333333333', 1500.000000000000000000),
    ('p5555555-5555-5555-5555-555555555555', 'Suspicious Project', 'Vague project with unclear goals', 'eeee5555-eeee-5555-eeee-555555555555', 'rejected', NULL, 100.000000000000000000);

-- ============================================================
-- SAMPLE DONATIONS
-- ============================================================
INSERT INTO donations (donor_id, proposal_id, amount, sybil_score, tx_hash) VALUES
    ('aaaa1111-aaaa-1111-aaaa-111111111111', 'p2222222-2222-2222-2222-222222222222', 100.000000000000000000, 0.92, '0x1234567890abcdef1234567890abcdef1234567890abcdef1234567890abcdef'),
    ('bbbb2222-bbbb-2222-bbbb-222222222222', 'p3333333-3333-3333-3333-333333333333', 250.000000000000000000, 0.88, '0xabcdef1234567890abcdef1234567890abcdef1234567890abcdef1234567890'),
    ('cccc3333-cccc-3333-cccc-333333333333', 'p2222222-2222-2222-2222-222222222222', 75.000000000000000000, 0.75, '0x9876543210fedcba9876543210fedcba9876543210fedcba9876543210fedcba'),
    ('dddd4444-dddd-4444-dddd-444444444444', 'p2222222-2222-2222-2222-222222222222', 500.000000000000000000, 0.95, '0xfedcba9876543210fedcba9876543210fedcba9876543210fedcba9876543210'),
    ('dddd4444-dddd-4444-dddd-444444444444', 'p3333333-3333-3333-3333-333333333333', 300.000000000000000000, 0.95, '0x1111111111111111111111111111111111111111111111111111111111111111'),
    ('aaaa1111-aaaa-1111-aaaa-111111111111', 'p3333333-3333-3333-3333-333333333333', 150.000000000000000000, 0.92, '0x2222222222222222222222222222222222222222222222222222222222222222');

-- ============================================================
-- SAMPLE MATCHES
-- ============================================================
INSERT INTO matches (proposal_id, round_id, matched_amount) VALUES
    ('p1111111-1111-1111-1111-111111111111', 'r1111111-1111-1111-1111-111111111111', 8500.000000000000000000),
    ('p2222222-2222-2222-2222-222222222222', 'r3333333-3333-3333-3333-333333333333', 4200.000000000000000000),
    ('p3333333-3333-3333-3333-333333333333', 'r3333333-3333-3333-3333-333333333333', 3100.000000000000000000);

-- ============================================================
-- SAMPLE QF RESULTS
-- ============================================================
INSERT INTO qf_results (round_id, proposal_id, calculated_match, verified) VALUES
    ('r1111111-1111-1111-1111-111111111111', 'p1111111-1111-1111-1111-111111111111', 8500.000000000000000000, TRUE),
    ('r3333333-3333-3333-3333-333333333333', 'p2222222-2222-2222-2222-222222222222', 4200.000000000000000000, FALSE),
    ('r3333333-3333-3333-3333-333333333333', 'p3333333-3333-3333-3333-333333333333', 3100.000000000000000000, FALSE);

-- ============================================================
-- SAMPLE PAYOUTS
-- ============================================================
INSERT INTO payouts (proposal_id, round_id, amount, tx_hash, status) VALUES
    ('p1111111-1111-1111-1111-111111111111', 'r1111111-1111-1111-1111-111111111111', 13500.000000000000000000, '0xpayout111111111111111111111111111111111111111111111111111111111', 'completed');

-- ============================================================
-- SAMPLE CONTRACT EVENTS
-- ============================================================
INSERT INTO contract_events (event_type, round_id, proposal_id, tx_hash, block_number) VALUES
    ('RoundCreated', 'r1111111-1111-1111-1111-111111111111', NULL, '0xevent1111111111111111111111111111111111111111111111111111111111', 18000000),
    ('ProposalSubmitted', 'r1111111-1111-1111-1111-111111111111', 'p1111111-1111-1111-1111-111111111111', '0xevent2222222222222222222222222222222222222222222222222222222222', 18000100),
    ('DonationReceived', 'r3333333-3333-3333-3333-333333333333', 'p2222222-2222-2222-2222-222222222222', '0xevent3333333333333333333333333333333333333333333333333333333333', 19500050),
    ('MatchCalculated', 'r1111111-1111-1111-1111-111111111111', 'p1111111-1111-1111-1111-111111111111', '0xevent4444444444444444444444444444444444444444444444444444444444', 18100000),
    ('PayoutDistributed', 'r1111111-1111-1111-1111-111111111111', 'p1111111-1111-1111-1111-111111111111', '0xevent5555555555555555555555555555555555555555555555555555555555', 18150000);

-- ============================================================
-- VERIFICATION QUERIES
-- ============================================================
-- SELECT COUNT(*) as total_donors FROM donors;
-- SELECT COUNT(*) as total_wallets FROM wallets;
-- SELECT COUNT(*) as total_proposals FROM proposals;
-- SELECT COUNT(*) as total_donations FROM donations;
-- SELECT SUM(total_funds) as total_pool_funds FROM matching_pool;
