user_id,tx_count,total_amount,avg_amount,success_count,conversion_rate,activity_seconds
user_40,7,369.288164,52.755452,4,0.5714,51035
286a2da5-d778-4e63-ba31-ed58fd2f5c5a,1,7.53372,7.53372,1,1.0,0
8c7f58fa-5fb3-45a6-a581-a3bea1b00e28,1,89.696254,89.696254,1,1.0,0
a1ad09fc-c5ff-4151-9fa4-109600571a5f,1,23.375516,23.375516,1,1.0,0
9468b85a-2c7c-40d7-b9bc-415b2fe504f1,1,43.917499,43.917499,0,0.0,0
f3b43ced-b46c-4d18-be22-cabbe1d2c247,1,11.304363,11.304363,1,1.0,0
a612c9bf-2aef-4d37-8271-ac05f3a27403,1,39.541641,39.541641,1,1.0,0
f501bc32-56a5-4c62-bc0b-b100fa0c98b6,1,46.542974,46.542974,1,1.0,0
db10a900-a729-4863-aacf-bf7198a3cb73,1,114.219119,114.219119,1,1.0,0
user_39,7,173.314063,24.759152,4,0.5714,82067
7c236e63-0a94-4881-84c8-9c66c7774ddd,1,174.348225,174.348225,1,1.0,0
ff103a08-68a1-45f8-8155-dae8346709c9,1,116.1658,116.1658,1,1.0,0
44f3c80c-278b-4968-9b08-9fbc0cc7ce5d,1,4.794875,4.794875,1,1.0,0
user_37,7,268.575316,38.367902,5,0.7143,70508
c34d1dea-e18d-41e2-b07b-e8a665b89bf4,1,25.960383,25.960383,1,1.0,0
c75cb5b7-3978-4df6-babc-d28f4bb0e96a,1,12.533574,12.533574,0,0.0,0
dce22616-bfc0-46ef-a586-5325683ceb21,1,16.774539,16.774539,1,1.0,0
user_32,5,225.010558,45.002112,4,0.8,63152
5071fa18-84df-4a69-a245-117aa457b27a,1,44.78478,44.78478,1,1.0,0
8f26e832-8b1a-479d-a4c2-17ee20b86aa1,1,32.944973,32.944973,1,1.0,0
user_21,5,123.393694,24.678739,4,0.8,62157
6d1a6d07-08b8-463e-8dec-e3b7db0934e6,1,92.322566,92.322566,1,1.0,0
user_30,6,105.099352,17.516559,5,0.8333,48082
7be6f972-b5ea-467c-854d-ecdea94720e5,1,7.155528,7.155528,0,0.0,0
user_11,10,524.495035,52.449504,7,0.7,78880
be1eebe4-a560-4953-af73-8134796bcb25,1,18.489845,18.489845,1,1.0,0
cafb8798-eeb3-4aa1-9ef2-288c38a4a5f2,1,5.9613,5.9613,0,0.0,0
a99d4039-2e6d-41a8-92f8-0956a36402d7,1,14.898228,14.898228,1,1.0,0
2fbc0c7c-4a3e-4991-8b3c-9df817daa06b,1,35.462066,35.462066,1,1.0,0
6fee403d-7afa-452c-b997-3e016c45cd1e,1,0.59441,0.59441,1,1.0,0
b1a95ce1-9680-449c-a55e-7c3c58f0a8fd,1,28.587318,28.587318,1,1.0,0
5e6b295c-323f-4b97-8a4c-d9f116a2e408,1,0.23483,0.23483,1,1.0,0
cf2a4fe6-998c-4498-8931-90484d376e3c,1,10.789149,10.789149,1,1.0,0
d755a65b-cef9-4c3b-b536-4d6f6961e807,1,0.340226,0.340226,1,1.0,0
user_8,10,568.101562,56.810156,7,0.7,72150
bb5aa7cb-0cfc-4596-809a-4a9da4f67454,1,98.190807,98.190807,1,1.0,0
user_4,3,93.094144,31.031381,2,0.6667,33535
15bc3d9d-dd0d-465d-857a-a220a69122d6,1,204.067222,204.067222,0,0.0,0
user_35,8,321.482826,40.185353,6,0.75,61306
17d82a3d-9e2b-4c88-90b0-41146889dc71,1,66.545737,66.545737,1,1.0,0
user_23,5,315.609958,63.121992,4,0.8,35925
a7ec59ea-5fbe-45cd-bfcb-f48f93a10911,1,87.474351,87.474351,1,1.0,0
4f4bbf40-234a-47c5-b3f1-6fb9be684cac,1,15.211459,15.211459,1,1.0,0
user_44,9,565.608606,62.845401,6,0.6667,58352
user_48,1,30.148014,30.148014,1,1.0,0
03b9c896-1461-4bea-bedb-a927c307f19f,1,60.518261,60.518261,1,1.0,0
e96cc669-3733-43a8-9d7c-7d18c45516ba,1,8.475934,8.475934,0,0.0,0
user_38,8,452.181137,56.522642,7,0.875,72333
912db375-8c00-474c-bf1d-12dbfb298c3b,1,20.916531,20.916531,1,1.0,0
user_17,5,228.093989,45.618798,3,0.6,59870
7cbd9758-c0f9-4e08-bc01-6279e1f0d5b4,1,72.224116,72.224116,1,1.0,0
38a171f1-1969-4a3f-8359-9ac6188b8c61,1,1.003721,1.003721,1,1.0,0
46c7f3ce-5ea3-4ec3-b7b3-cabd1ff46013,1,20.537497,20.537497,1,1.0,0
79529ecf-dbdc-438e-9fa6-b993a7b3fb40,1,13.358187,13.358187,0,0.0,0
eec2fee5-33ca-4fd9-bcab-31b3701a01bf,1,10.479057,10.479057,1,1.0,0
f57093c8-5747-440e-b97d-64e39a803a9c,1,7.429448,7.429448,1,1.0,0
2af743ed-77e3-4ccc-a3eb-27839b238d82,1,76.752904,76.752904,1,1.0,0
e8f18dd4-108e-4725-835b-ee23a855934b,1,112.268462,112.268462,1,1.0,0
332f64a6-328b-4d00-924d-68696122230f,1,102.109399,102.109399,0,0.0,0
bea8ccdf-a9e9-459f-ada0-5bbf4fa4108e,1,214.182948,214.182948,1,1.0,0
user_16,6,380.302412,63.383735,6,1.0,39789
user_9,7,315.962396,45.137485,3,0.4286,77848
user_6,8,364.084816,45.510602,8,1.0,73873
da63fe6b-345e-467b-9898-14ff77bfc70b,1,59.411213,59.411213,1,1.0,0
f0afc48f-f178-4c25-8174-c39636e228bb,1,34.340448,34.340448,1,1.0,0
951685b9-04e5-46e3-9b5a-faa08ea1ac3e,1,33.99303,33.99303,1,1.0,0
6c9be8d3-92eb-46d4-a59d-bf900d0c116a,1,36.750076,36.750076,1,1.0,0
user_33,6,801.102231,133.517038,6,1.0,38494
7546b7dd-2528-4291-a7aa-2b094abc16de,1,106.168264,106.168264,1,1.0,0
3c789198-4e6f-47df-a3c8-bffdcc183fb9,1,48.5989,48.5989,1,1.0,0
83302e35-b78c-4af6-a622-ada493fc66df,1,7.545484,7.545484,1,1.0,0
user_14,4,283.267629,70.816907,3,0.75,62070
1a638112-fc00-4dd6-9a9d-ce494d4b5a90,1,53.288037,53.288037,0,0.0,0
46309fba-ab19-4760-9edf-6268debcd7d6,1,122.851777,122.851777,1,1.0,0
749d2f4e-d114-42e3-8285-49dc5f5bb157,1,5.314228,5.314228,1,1.0,0
3b1e5103-769f-40aa-8a59-40682eca1b7b,1,198.326407,198.326407,1,1.0,0
88448150-efda-4da0-b74e-4f4cd05b5e0f,1,114.694314,114.694314,1,1.0,0
85afdc81-3270-44bb-9869-7a909f3d68b1,1,4.78599,4.78599,1,1.0,0
0b854925-e550-4f2a-8ae6-1ef22b7b3e66,1,75.424938,75.424938,1,1.0,0
user_20,4,315.51829,78.879572,3,0.75,71659
cf4b8320-247e-4f9d-82a8-6fcfccd2a788,1,40.104112,40.104112,1,1.0,0
a936a2a8-7a68-4395-be8c-f080c836cbac,1,261.556247,261.556247,1,1.0,0
733c9fa8-325e-4582-9b68-c5bb813ee277,1,5.126889,5.126889,1,1.0,0
b89e85fb-a9d8-43e2-8d88-996a54bd4087,1,41.514802,41.514802,1,1.0,0
9297fd86-5eb1-4497-9946-a3dcb2909b1b,1,4.35844,4.35844,1,1.0,0
5e137c02-a8dc-4766-b848-47996bc6a94d,1,10.84688,10.84688,1,1.0,0
a61e4ec6-c16f-444e-bfe6-4ea0cf5e71cc,1,67.901612,67.901612,0,0.0,0
0069ab0b-08b6-41fc-ac6d-4d1084936d04,1,40.655641,40.655641,1,1.0,0
488328a1-cb0d-407b-b16a-d47c59bc3f12,1,140.571883,140.571883,1,1.0,0
81f902e0-d7ab-48c8-b31d-0a757cdb19bd,1,90.805376,90.805376,1,1.0,0
user_7,7,416.926777,59.560968,6,0.8571,74727
25377245-ac23-4603-8a8d-c6a0895ffb85,1,1.552857,1.552857,1,1.0,0
018c9c02-8b1a-4132-97d5-0805c13b7fc0,1,25.294397,25.294397,1,1.0,0
a8efd733-35a2-4985-8544-7764c45be234,1,15.088503,15.088503,0,0.0,0
9265c2f0-0157-4fc6-b67e-f4b338fee07d,1,53.657874,53.657874,0,0.0,0
ed7b4f81-e746-4100-8451-cfd0eada46c4,1,148.88752,148.88752,1,1.0,0
56c0b5d5-bf16-4e16-a7d2-3fc90ff3b52a,1,58.737624,58.737624,1,1.0,0
62f6dd66-95c3-43ab-ab15-2148cc7c9993,1,26.300955,26.300955,1,1.0,0
user_29,6,386.214707,64.369118,5,0.8333,52619
8502eeab-0f5d-4302-812c-8c864d98f236,1,5.992807,5.992807,1,1.0,0
883aac3d-6967-42bd-badd-5d6d774f08c8,1,71.619325,71.619325,0,0.0,0
a829b5f9-5393-4a75-9909-93e68c9fce1a,1,19.871451,19.871451,1,1.0,0
user_28,3,68.221612,22.740537,3,1.0,11932
f758769a-ca26-4232-8a48-1b4b0ca184ab,1,20.775284,20.775284,1,1.0,0
user_26,8,343.786238,42.97328,6,0.75,73703
4b433e0e-6284-4da0-8cea-a6d028c60f92,1,30.449516,30.449516,1,1.0,0
4a39fc35-0d18-4718-a08c-9c23c46c800e,1,22.784484,22.784484,1,1.0,0
user_3,10,458.071433,45.807143,10,1.0,67173
471718e0-e284-4e30-96f0-6816f243874b,1,15.674923,15.674923,1,1.0,0
user_18,5,116.77414,23.354828,3,0.6,34353
764e0143-40d1-4a82-9584-f1cfa4a05ddf,1,0.523998,0.523998,1,1.0,0
5b271f7d-8e68-4926-a57e-f631e43a88db,1,11.551187,11.551187,1,1.0,0
0a0779f4-7862-45d2-9d6f-ffd5e6ae8b7a,1,5.650001,5.650001,1,1.0,0
c6820814-ee37-4629-8430-8fd564a539de,1,28.905389,28.905389,0,0.0,0
35d27a99-4db5-4856-8a27-598301d5df57,1,5.423951,5.423951,1,1.0,0
dd82bd12-95c6-4f77-8b88-7260d0dd6f3d,1,13.56287,13.56287,0,0.0,0
90bac3a5-6fea-468d-9388-3895c13954a0,1,35.28326,35.28326,0,0.0,0
ff399514-5244-458a-8c3a-10dd0fc8b5f1,1,50.488448,50.488448,0,0.0,0
e38bcc4b-a74a-4a4c-aa9e-7c784c7e1418,1,68.548901,68.548901,1,1.0,0
4033ae79-6879-40bc-904a-bb3012e8b876,1,26.820774,26.820774,1,1.0,0
f44b45d0-bde7-4005-9481-05667a1e568b,1,51.222243,51.222243,0,0.0,0
f95b247a-3784-42c8-85de-0aff8ba4fa32,1,73.66509,73.66509,1,1.0,0
user_10,2,224.090032,112.045016,1,0.5,42869
user_45,3,166.707604,55.569201,2,0.6667,57377
3026a379-fe90-4b11-b8c2-840d59fd1428,1,11.11133,11.11133,1,1.0,0
2a9eb802-31aa-4d54-afdb-9dd21a52dc19,1,22.779538,22.779538,1,1.0,0
9ae52a0d-75c9-479d-b5ac-097b859c3956,1,105.528529,105.528529,1,1.0,0
02ff1022-2434-4d2a-ab29-9267cb46cab4,1,85.880764,85.880764,0,0.0,0
b9e10c72-e3e4-4b39-8889-4c7c5424a856,1,12.409083,12.409083,1,1.0,0
90e14e45-3622-4930-a215-954a5a864d01,1,43.807488,43.807488,1,1.0,0
8eb16a9c-ab04-4584-98a9-3c0ed6d6c792,1,112.566895,112.566895,0,0.0,0
028ec14b-a7fa-4363-aed7-e28a5bd9df25,1,11.6212,11.6212,1,1.0,0
274c9a77-c79f-4d4b-8fdc-7f2e72037cfc,1,69.284286,69.284286,1,1.0,0
6d9cfd88-21f4-4216-a773-918c30e345cf,1,54.396488,54.396488,1,1.0,0
3c62101e-53f9-4ca6-a8cd-16affd4926ff,1,93.081645,93.081645,1,1.0,0
91434474-e1a3-4156-a888-27f3e01fb313,1,90.420697,90.420697,1,1.0,0
19612328-70d9-4d42-9cd0-959a960e6856,1,22.602988,22.602988,1,1.0,0
8001278a-8fda-4d06-b3a8-2978bc3e7364,1,149.826348,149.826348,1,1.0,0
5da0abb0-ef1c-4e33-8ac5-42219cc9c786,1,10.279447,10.279447,1,1.0,0
a2ba2a1b-44eb-4548-972b-06666718873d,1,70.114246,70.114246,1,1.0,0
743abb72-2183-4a29-8e8a-f3fec1219917,1,37.495108,37.495108,1,1.0,0
e280e0ad-9918-45fd-a426-a27ebeda24ff,1,15.226561,15.226561,1,1.0,0
319874ef-5d57-44d1-93ba-99fb3299e9fa,1,30.930101,30.930101,1,1.0,0
76e158f0-1ecb-4461-9dfd-a0f5857d034b,1,124.399998,124.399998,1,1.0,0
75f15175-1006-48fa-83c6-a7264ea44dfc,1,29.521624,29.521624,0,0.0,0
4a4d9a04-fca4-4e47-ac1f-8fd61dd1d79b,1,65.045974,65.045974,1,1.0,0
user_34,5,360.154025,72.030805,4,0.8,65703
1698b344-c35b-4ef0-9458-5471e0b88858,1,15.996342,15.996342,1,1.0,0
64b5f3dc-9c84-4bac-ba36-1a2ec2e10c41,1,49.210263,49.210263,1,1.0,0
46328024-9548-48eb-837c-facab99a0ebc,1,128.517839,128.517839,1,1.0,0
68b1c2e9-1765-4a3c-b999-91558b12e2ce,1,25.576619,25.576619,1,1.0,0
cc6c6794-6a0e-4d5a-93cc-dc3cc4bdd17b,1,125.286964,125.286964,1,1.0,0
user_24,3,147.852736,49.284245,2,0.6667,67282
ec403a2c-a8dd-4567-a730-1137bc77b24d,1,50.790362,50.790362,1,1.0,0
02398763-9e0a-411b-9912-44e6c044e2ac,1,8.122298,8.122298,0,0.0,0
6c0cc162-cec1-47c9-ab54-3d877a527399,1,11.704267,11.704267,1,1.0,0
71fe8db4-51a0-4412-9aab-c058a28e86b1,1,63.306625,63.306625,1,1.0,0
user_41,6,518.587218,86.431203,6,1.0,44743
37eb851e-456a-4c08-8dd5-64690ddbbbea,1,9.391838,9.391838,1,1.0,0
43e320f8-0797-44e9-9e71-1917e7754812,1,30.425776,30.425776,1,1.0,0
user_5,7,301.72098,43.102997,6,0.8571,60280
user_19,3,164.952746,54.984249,3,1.0,77632
2d5b1078-9d48-49ea-8f0a-79329c1b2be5,1,41.076928,41.076928,1,1.0,0
e95464bf-70d1-4f65-a3d0-593a9bb7ca27,1,48.824117,48.824117,1,1.0,0
5928aab6-630c-4dce-a3c7-765069e70c3d,1,57.963917,57.963917,0,0.0,0
ffc471e1-e9c8-4954-b2cd-cf2aab393b23,1,101.479127,101.479127,1,1.0,0
c814d760-42a4-44fa-81b1-25ecf19e51e3,1,19.852063,19.852063,1,1.0,0
2ea59636-f4a6-4578-8830-6fce20f85f72,1,43.803145,43.803145,0,0.0,0
c8249180-8207-46e5-970d-07f16e21169b,1,51.359073,51.359073,1,1.0,0
695a7453-f316-4845-a4c6-c8454bcc548b,1,30.19108,30.19108,1,1.0,0
f0ce5f83-9bec-4e01-b9d5-becd3de2f823,1,86.774611,86.774611,1,1.0,0
4a304d51-7873-400a-b518-d3cf9b36dc43,1,103.395757,103.395757,1,1.0,0
a5c048db-27a8-4869-98cd-bd5341cd5ec9,1,14.042693,14.042693,1,1.0,0
4377f1a4-94b3-47db-9951-a3d9a9f9ffae,1,216.861396,216.861396,1,1.0,0
7836ed7d-1c62-4aa1-b9c6-4ba0aa72e9ce,1,17.901689,17.901689,1,1.0,0
2b7d17ee-e960-47a7-b7b2-221aa49efcf1,1,116.691353,116.691353,1,1.0,0
034a065b-6e43-485d-8941-22d57e23991a,1,1.667616,1.667616,1,1.0,0
c2e82b8d-1981-4ccb-abae-2cf1d986ab2f,1,8.483903,8.483903,0,0.0,0
a2c416fe-e1b4-4d0b-bab0-d384774e71d3,1,60.553021,60.553021,1,1.0,0
7e26f0b3-d3ac-4c67-9973-a850fa71d3fa,1,55.009761,55.009761,1,1.0,0
ba7991e0-c997-48bb-8322-ed73cfd96171,1,21.885589,21.885589,1,1.0,0
bd2c2e2b-25a9-40d6-9900-d50298796204,1,150.209947,150.209947,1,1.0,0
bcb8ba0a-007f-4a87-afde-4cd7d59537e9,1,48.526958,48.526958,1,1.0,0
6c4e4023-2576-4cc0-9706-6ba08efd7dd3,1,58.357996,58.357996,1,1.0,0
a10768ee-ad21-4dc7-9ee6-bbf677c1f6dc,1,20.511996,20.511996,1,1.0,0
f744df13-2fcd-4ba1-96ec-18f2b61136b9,1,34.227743,34.227743,1,1.0,0
3af3325d-fe2e-4619-b0de-1a97d3c373b0,1,15.859797,15.859797,0,0.0,0
06ba42c4-afde-4994-97bf-1b531c483a0e,1,26.884813,26.884813,1,1.0,0
745c2a94-3ae4-4b44-bf28-3959adfddb33,1,205.049251,205.049251,1,1.0,0
user_25,5,303.220575,60.644115,5,1.0,69517
0dded913-84de-4bac-ad9e-b5b41fee8c95,1,43.756805,43.756805,1,1.0,0
35a7ad29-c5d0-4a24-bab9-1749f73d800e,1,42.083138,42.083138,1,1.0,0
57b98ea4-ed21-4c77-889b-2b83d6bf8155,1,31.630461,31.630461,0,0.0,0
a1c2b66b-39b6-4bfe-8a28-d96b72e66101,1,22.994196,22.994196,0,0.0,0
5ea3b979-8c62-40a0-8161-340bcf583bdc,1,144.939392,144.939392,1,1.0,0
363fad59-164d-41b5-9ff5-1380653fe083,1,39.350282,39.350282,1,1.0,0
user_2,5,269.653387,53.930677,4,0.8,32326
8dca7534-f17c-4d1a-81e1-c64217aacb60,1,13.75794,13.75794,1,1.0,0
8bb7e57e-88b7-41e0-846e-ef2b0322d973,1,25.131855,25.131855,0,0.0,0
user_47,5,276.023336,55.204667,5,1.0,42232
user_22,5,220.817517,44.163503,2,0.4,40498
716019d8-a34a-4ff2-a9ff-bab63c6f1e4e,1,55.933373,55.933373,1,1.0,0
140fdca6-1aa2-4020-9476-8040ebca4ae2,1,13.067547,13.067547,1,1.0,0
a1ae3c81-93fd-44f2-a8d1-12b316823c7a,1,9.111578,9.111578,1,1.0,0
d054f70b-556b-46d8-bcf0-05e31e7f06be,1,6.214858,6.214858,0,0.0,0
5c1330ca-0e8a-44d7-99b0-af7f4bab0e13,1,2.778794,2.778794,1,1.0,0
63dc1bcd-678a-4fc7-a0f1-681b213a17a9,1,17.537591,17.537591,1,1.0,0
c5fc2d13-26c1-46cf-84e4-5cb6e5f1809d,1,11.879285,11.879285,1,1.0,0
25d0d5fb-681c-44d5-a87a-7541ecf996cf,1,52.812996,52.812996,1,1.0,0
e0919b75-8c6a-490a-8935-d60d78bc602e,1,5.530676,5.530676,1,1.0,0
3cbebd7b-4ab4-4674-b2d2-f60f5c3b8edb,1,70.569581,70.569581,1,1.0,0
e36d8390-8fdc-43c9-bb6d-aa55462ab57c,1,1.517581,1.517581,1,1.0,0
7126dc9d-0ed7-4a9c-8631-fc362277ff9e,1,75.494124,75.494124,1,1.0,0
1403401f-9a73-4aa2-9416-d503b62846da,1,29.631627,29.631627,1,1.0,0
14aaef3c-4ab0-47b0-b049-299f0dd335f2,1,8.558162,8.558162,0,0.0,0
17b1257a-0b43-43ce-9ec1-b6805566d9c2,1,19.469627,19.469627,0,0.0,0
6398add0-8002-408c-afad-7d2f1876669a,1,68.648386,68.648386,1,1.0,0
9d7967ac-4670-4c56-aaa7-55e2ab80dd2c,1,73.079048,73.079048,0,0.0,0
00175fa6-ec81-426e-bd56-071f7a12889f,1,11.874478,11.874478,1,1.0,0
9add29d4-7e0d-4c98-9a14-449716ae9990,1,133.703355,133.703355,0,0.0,0
0bc266bd-de4d-4f35-ade0-5d9a47a5913a,1,142.347727,142.347727,1,1.0,0
a0489fc1-ba2e-47e5-8bbc-5409ede7280d,1,6.753828,6.753828,1,1.0,0
ea670fd1-40b6-4c90-8ed9-1273a5cde6f7,1,8.09518,8.09518,1,1.0,0
482f407a-29d9-4e18-b996-fe7b658fc4da,1,26.876979,26.876979,1,1.0,0
1f21dfab-ab65-4b67-bdec-c8b24aabba6b,1,56.305562,56.305562,1,1.0,0
4d845734-512a-4d40-b5a8-e5bd88634b90,1,60.997322,60.997322,1,1.0,0
ea32d864-f589-4d1a-8720-5bff6ef498ab,1,21.098319,21.098319,1,1.0,0
2d1de35a-8cfa-4632-931a-e65e9b243df6,1,40.676378,40.676378,1,1.0,0
1a223731-aa78-485c-8245-dbd16e3ae7c9,1,55.703277,55.703277,1,1.0,0
770373fc-b7f9-4255-a6e9-f804795c0881,1,29.18024,29.18024,1,1.0,0
85cf39e9-2c3c-4d35-8523-874542ed9f84,1,45.749107,45.749107,1,1.0,0
91bb636c-145c-434d-879c-58f6f7aac0c1,1,7.020448,7.020448,0,0.0,0
ff474fc2-1f01-4d39-952d-156ba16c86bf,1,62.427576,62.427576,1,1.0,0
user_13,3,70.060821,23.353607,3,1.0,18662
f02ff97a-a8a5-448a-8d38-ca0a963ea91c,1,38.191912,38.191912,1,1.0,0
bc8e221f-05a2-4055-aa7a-ee11cf146c6a,1,62.609772,62.609772,1,1.0,0
4c32c4f2-59ea-4318-ad92-a25a2ae5a37c,1,24.307842,24.307842,1,1.0,0
97d0676b-b097-4c42-b75d-7968141ffa10,1,35.461185,35.461185,0,0.0,0
0f7385c3-482c-49e0-883d-3404957879ec,1,5.110319,5.110319,1,1.0,0
639af76f-96f9-45f5-8229-9e9e179bb103,1,1.099505,1.099505,0,0.0,0
3a16550a-9ccf-4bc6-b288-9f07c4f11d49,1,85.784409,85.784409,1,1.0,0
8b02fd18-b897-4a3e-974b-19bc7cad8180,1,78.883524,78.883524,1,1.0,0
ceb07168-830d-43fa-866a-5b0f260dca9b,1,27.424088,27.424088,1,1.0,0
ff564eab-aac5-4507-b90e-06603d811dd7,1,6.895028,6.895028,1,1.0,0
0e4d7dbb-31f9-4d64-a6c7-adc0068695e7,1,22.117439,22.117439,0,0.0,0
user_1,4,253.635753,63.408938,3,0.75,46905
19b64a64-7bd4-4889-b654-435874afcac3,1,31.945972,31.945972,0,0.0,0
user_46,2,77.875465,38.937733,2,1.0,20857
b5f4df3e-d6a9-4455-8ee5-7370f866dea1,1,18.172217,18.172217,1,1.0,0
1a1398b5-2107-47d5-aa77-ff74e2129e1f,1,114.777875,114.777875,1,1.0,0
690203b5-55a2-4aad-9b6c-63f16d3f855b,1,10.664865,10.664865,1,1.0,0
aa11f585-fbce-497d-8799-05f1701c6136,1,61.663738,61.663738,1,1.0,0
61e4f2db-6cab-49dc-8211-2fbfbe9a1d47,1,18.092581,18.092581,1,1.0,0
3288d9cf-0329-48e5-b76b-0578968e9d9c,1,44.59549,44.59549,0,0.0,0
7f8df312-5c5a-4ce5-9bfd-8e00fad3d0c1,1,110.534059,110.534059,1,1.0,0
c9a97312-c35f-49cd-be0b-ec7d3547b594,1,74.850366,74.850366,1,1.0,0
fb1ff074-c3ba-4cb1-8010-45853cc023da,1,36.563477,36.563477,1,1.0,0
40e2e546-c12f-4fba-9679-3b22f4d490b3,1,63.507192,63.507192,1,1.0,0
b6fe6195-a6d2-42c8-94a8-1ff7c35ce245,1,17.636952,17.636952,1,1.0,0
c906c4da-7003-4414-b2a1-681a582cf1c2,1,108.778277,108.778277,1,1.0,0
8a41576e-9fcb-40d5-bc84-d73ef8926c46,1,197.415137,197.415137,1,1.0,0
a945a67a-4359-41d0-be5d-cca7850e932f,1,134.120317,134.120317,1,1.0,0
ea48a214-93e0-492a-8363-42161300959c,1,28.244395,28.244395,0,0.0,0
a8899d9c-f8b1-40f9-a0d7-c2567798db25,1,14.545268,14.545268,0,0.0,0
f300f4b9-da27-41f1-99aa-589751bb3d89,1,65.468785,65.468785,1,1.0,0
4a2b71cf-2123-400d-8edc-922d56a40501,1,47.141092,47.141092,1,1.0,0
e2b40a9e-55b2-44ce-aeea-a887ea503757,1,14.083083,14.083083,1,1.0,0
b4030b83-6687-4875-9f8d-444b3bd71434,1,7.444397,7.444397,0,0.0,0
2e246b89-7649-4be6-8a3f-6d82e9942e3b,1,52.496975,52.496975,1,1.0,0
6b8e0612-64c8-4488-a63a-bb6f877150d6,1,119.566946,119.566946,0,0.0,0
18b6773b-d828-4b91-8c0f-60c453ea21f7,1,49.018131,49.018131,0,0.0,0
cf51cfd1-6c08-41df-8c14-6318fd2af635,1,84.808771,84.808771,1,1.0,0
6ff791b4-7a3d-4bc7-b1ab-a0f3d0830ac5,1,61.291535,61.291535,1,1.0,0
6ec4eeaa-8cc2-440a-a338-da2ce9e52298,1,50.876197,50.876197,1,1.0,0
d8bf3ca0-97ef-43fe-a146-5602788d88d6,1,61.158502,61.158502,1,1.0,0
93282fdb-a96a-4884-bb06-1d93940eb724,1,28.6279,28.6279,1,1.0,0
de6b7c2b-897a-40e6-8696-5d941646d785,1,73.978214,73.978214,1,1.0,0
e1a4c6b5-6228-4697-83bc-2929315b9c7e,1,29.573043,29.573043,1,1.0,0
4533c498-8e7e-47fd-aab9-0fdace820d20,1,160.50064,160.50064,1,1.0,0
01c5207f-871b-4556-b0dd-331b7cdaf4ea,1,74.961976,74.961976,1,1.0,0
a4da9acd-93f7-438e-85a6-91b21121c57f,1,130.338393,130.338393,1,1.0,0
01d96f58-7c9e-43b2-876d-de044533171d,1,34.059819,34.059819,0,0.0,0
b63b1222-1fef-4136-9bb7-1aeded077e82,1,111.454962,111.454962,1,1.0,0
97ce2e1a-c7a9-48c5-b134-b7ff364f34ec,1,6.715581,6.715581,1,1.0,0
24411f48-2a0f-4855-a5f2-3deff2aabae7,1,88.257194,88.257194,1,1.0,0
a4d3f0cd-c318-48b6-99ee-a32110488882,1,49.504631,49.504631,1,1.0,0
1572a2f8-08ba-4b02-9aed-c077f8aa298b,1,49.26002,49.26002,0,0.0,0
72dec7ff-4a66-41f9-aa80-609a373f84ad,1,44.101722,44.101722,1,1.0,0
da9c7418-c8f5-4e0b-aac3-284f1a0f7f61,1,11.682916,11.682916,1,1.0,0
79e7fe9b-f77c-48d0-9d48-2a487f997c1b,1,14.753453,14.753453,1,1.0,0
569dc664-eef4-4519-a460-bdc8f9e62e15,1,1.210524,1.210524,0,0.0,0
4cf14e5a-7043-4648-a9ab-597a8e9f1057,1,49.745812,49.745812,1,1.0,0
d462771e-bc1d-43ea-8c1f-8412f89d32b3,1,7.959498,7.959498,0,0.0,0
user_31,3,171.714429,57.238143,2,0.6667,65999
b370bf4a-3861-451d-9795-d35e5cbfb9bc,1,43.607446,43.607446,1,1.0,0
181c6a48-86c7-4b3b-9aac-760a2b2c7046,1,75.83769,75.83769,0,0.0,0
2af9599f-f321-4428-b5bc-890be52f8830,1,102.530756,102.530756,1,1.0,0
6f4934c7-36ca-4968-b366-d0bc301cdd97,1,86.917699,86.917699,1,1.0,0
3527259a-e1e0-4c07-a5de-ae8d8ecd6dca,1,7.619024,7.619024,1,1.0,0
c975c940-e9c1-40dc-9a6b-5ea785584c56,1,18.299377,18.299377,1,1.0,0
8a43dc9a-ed5c-4aff-9e07-a46912761c40,1,23.168258,23.168258,1,1.0,0
2153bdde-c260-4bb9-bee2-5d9af9832210,1,34.336444,34.336444,1,1.0,0
796791c2-57e9-447f-aa0d-ad364a58ba82,1,20.426019,20.426019,1,1.0,0
440fb462-9883-4850-aa19-ff3229cfc916,1,4.427161,4.427161,1,1.0,0
bba85af6-b055-4fe4-a423-db3fe4e67eba,1,5.888603,5.888603,0,0.0,0
2bf26e76-17db-42f2-810c-7f099fbe42ac,1,27.724654,27.724654,1,1.0,0
e2aff7ec-7231-481b-8a7b-d0f88a9ec15c,1,7.887278,7.887278,1,1.0,0
57c32fe7-c713-48f9-8001-f5b176c017cd,1,187.733072,187.733072,1,1.0,0
33e313de-d312-43c3-b632-043a15def562,1,74.410984,74.410984,1,1.0,0
af36a32d-461a-464d-955d-19d60a080ce5,1,236.367033,236.367033,1,1.0,0
f18e07c8-2689-4369-baa4-e3e2aa0141ba,1,48.872837,48.872837,1,1.0,0
414d6615-17cb-4c01-b148-3161337b9b9f,1,55.646147,55.646147,0,0.0,0
9c3c134c-6461-417a-8355-2d24f745ff40,1,11.297756,11.297756,1,1.0,0
249a310d-76ca-48c0-9306-79d316aba742,1,18.84837,18.84837,1,1.0,0
fa979085-3388-4f1a-8533-2f9dc3ef0a00,1,130.31408,130.31408,0,0.0,0
daa89b53-df0d-412d-9787-79e327b5c0a0,1,70.423548,70.423548,1,1.0,0
e667a402-817f-4e2e-bfd5-c4726ea037ec,1,2.175854,2.175854,1,1.0,0
cafe1955-d2f2-4275-ab94-2602363e611c,1,22.776628,22.776628,1,1.0,0
d71eec66-3926-492f-b089-c25c253c7664,1,86.99862,86.99862,0,0.0,0
5a83bbd0-e020-4f86-8852-a6ffd52e4f69,1,52.005621,52.005621,1,1.0,0
0c451446-ebba-46ed-9530-d54c6e3faa69,1,69.411679,69.411679,1,1.0,0
user_27,1,46.994229,46.994229,1,1.0,0
bb37c17e-4195-46f2-8014-a32a10da0ab3,1,44.186469,44.186469,0,0.0,0
f4ece8e5-f90a-4c84-b278-20c735fb78df,1,106.865853,106.865853,1,1.0,0
8f663033-e3e2-4c6b-9a55-18cceded8ab8,1,27.151288,27.151288,1,1.0,0
f9d2bdd2-8fea-45ca-a474-a5b83b8878e5,1,21.117248,21.117248,0,0.0,0
d55e4cc8-28ed-4d4d-8e0d-5bd333bfec17,1,46.175435,46.175435,1,1.0,0
2dcf3f55-b044-4ce3-a8e4-1bdc2e3799f4,1,78.036804,78.036804,1,1.0,0
d4f45a75-ae2a-4b04-9dca-1a81b61b33b2,1,110.677853,110.677853,1,1.0,0
8ba6bb8e-7227-4bf1-82d6-0501310d9845,1,110.768666,110.768666,1,1.0,0
user_49,4,169.495964,42.373991,3,0.75,49596
6ccff206-ac05-4a02-b84c-8c9fa53dcb7d,1,6.758733,6.758733,1,1.0,0
8a02fb67-a2f1-48b2-a352-dfba85e0b2cf,1,121.894443,121.894443,1,1.0,0
d62f1804-ff74-42f1-8ce2-e0d2840d4b0a,1,2.417835,2.417835,1,1.0,0
1a6e4c98-245a-4747-8fc1-abfef40dc7a5,1,100.350026,100.350026,1,1.0,0
5f9f2909-71f1-48cd-be5b-f857618193f7,1,27.603865,27.603865,1,1.0,0
dda1830f-4918-4d56-b9d1-0a87699c6451,1,35.717779,35.717779,1,1.0,0
e2b6f99f-86c3-4b0e-9dc2-559f260e85a4,1,135.518716,135.518716,1,1.0,0
3daa089c-6863-45b5-91cb-5da77e43e7f6,1,2.293262,2.293262,0,0.0,0
ee5bea9d-4408-4ff6-a6bd-c7878e0efe5d,1,81.626339,81.626339,1,1.0,0
ca6aa54b-98ae-4bc4-9d12-09394b44f2f2,1,22.960359,22.960359,1,1.0,0
de41ca4e-4ca3-48b2-926c-cfdeed861bc9,1,16.466288,16.466288,1,1.0,0
4b804c7c-caf1-4e85-9832-ed3c114dcf9e,1,99.658185,99.658185,1,1.0,0
3ccb01f1-cd95-46e2-8901-6c3d826fd7ea,1,80.08668,80.08668,1,1.0,0
b3afb81f-fbf3-4f29-b3f8-f91ec19cf0e1,1,4.656972,4.656972,0,0.0,0
7e9d5750-5a5c-4253-9a9d-d7cb748eab7b,1,76.381404,76.381404,0,0.0,0
fb528a15-3505-481b-9695-94bea2c3c89b,1,35.708297,35.708297,0,0.0,0
46efdd55-4bcb-4e73-8518-b326bb20e163,1,22.239093,22.239093,1,1.0,0
29df7867-45a7-4783-b8f0-0bc2b04a8567,1,45.781046,45.781046,1,1.0,0
20939d6f-e750-49fa-a223-add7dbd2f628,1,2.058411,2.058411,1,1.0,0
1e8a8ae2-0dbb-4c8b-b60f-8dbed287e0a3,1,3.279452,3.279452,0,0.0,0
54adca8f-1b6d-4e04-ac92-099c31afdb9e,1,9.11934,9.11934,1,1.0,0
86c381e1-c9c0-4a7b-b3b3-0712c55bf1e6,1,44.00313,44.00313,1,1.0,0
7c25ffb6-3873-44ff-89e1-4e69dd618de7,1,13.376093,13.376093,1,1.0,0
9db6eecf-3e6d-4168-a51f-abd69e869a2a,1,14.309533,14.309533,1,1.0,0
6ec757ce-36f6-4a7a-bbbf-b3d6dbe64631,1,33.273735,33.273735,0,0.0,0
3e9531cd-a64f-477c-8eec-1dfccbebad12,1,58.130711,58.130711,1,1.0,0
c5d9efe5-131e-4866-9238-d651403ec53c,1,61.265064,61.265064,1,1.0,0
a529fb2a-2607-4777-961a-9c116c48c22f,1,3.606586,3.606586,1,1.0,0
61524237-f74f-4e5d-bf83-4b9bfc3dab54,1,9.594921,9.594921,1,1.0,0
88d82d32-d413-4484-a76d-7a0305e57e11,1,30.27026,30.27026,0,0.0,0
3543d229-715e-48c5-887c-759ff7545b21,1,170.650059,170.650059,1,1.0,0
bc80a363-7b89-4b7c-85ae-63b14c48d334,1,6.292934,6.292934,1,1.0,0
db882a35-3548-4012-a91a-7486f4d1c92f,1,3.824196,3.824196,1,1.0,0
af456b1f-1040-4414-a69d-a259c54d4d3a,1,166.845722,166.845722,0,0.0,0
c12ce478-bb31-40e0-b243-069d6c5a09ac,1,162.21798,162.21798,1,1.0,0
18609545-5554-46c2-9fdc-0c3491696b1f,1,17.390811,17.390811,1,1.0,0
42a1b6ff-2e14-4a65-af1d-caecdf5f854a,1,11.739651,11.739651,1,1.0,0
9d0e5cb9-1c8b-4c21-b558-e89675e6403a,1,158.190015,158.190015,1,1.0,0
ccdd67bf-4620-41e7-8df1-9e68c889531a,1,39.340772,39.340772,1,1.0,0
user_42,4,269.954604,67.488651,3,0.75,40246
fb17b2a3-e1f5-4287-9680-f55edddae6b9,1,5.331899,5.331899,1,1.0,0
95eed704-5f74-442d-9168-79287c0b17b8,1,17.893626,17.893626,1,1.0,0
f294f728-9596-4941-984a-b4ab99565734,1,21.697527,21.697527,1,1.0,0
7d61ed2e-3233-4ae3-81de-25285a41bd65,1,100.287926,100.287926,0,0.0,0
ad84c677-d8cb-4746-bfd8-50f3649d555b,1,12.706584,12.706584,1,1.0,0
ae9b416b-3d7b-4ed0-9950-76864a68bb97,1,9.08358,9.08358,1,1.0,0
e98007be-89e1-4a0e-a78e-45b18266fa9c,1,10.026692,10.026692,0,0.0,0
0e4b35da-03e6-4069-9a2a-5b0f1bf6f306,1,154.933311,154.933311,1,1.0,0
66b44273-852d-4e32-b3f7-ab6572774640,1,67.909394,67.909394,1,1.0,0
a6662a8f-84ca-41fa-a3d5-90f91a0894f6,1,21.610941,21.610941,1,1.0,0
e94a8b17-1352-4ffd-aec5-76d128576a00,1,7.843548,7.843548,1,1.0,0
a9fb9c73-e80e-41f7-a1d9-79ec34db0310,1,3.92778,3.92778,1,1.0,0
693c72fa-4a12-4666-a9cc-2564cd00310b,1,48.406188,48.406188,0,0.0,0
f8346bcd-c4fd-4893-934d-2298c2a3db9f,1,3.393728,3.393728,1,1.0,0
151292d4-63f2-45d4-aa62-10726a1eeeda,1,79.774758,79.774758,1,1.0,0
40b24a6d-5fce-4077-b760-388d7d3ecda1,1,85.54653,85.54653,1,1.0,0
user_43,1,13.425486,13.425486,1,1.0,0
fe974e45-fb37-4a99-b70a-653a3b192058,1,32.228798,32.228798,0,0.0,0
9e96d11c-e4a6-4a5a-9b38-d72ae79b8773,1,37.772673,37.772673,1,1.0,0
d5cc8305-45c5-4a13-8f77-d10794f55376,1,148.060594,148.060594,1,1.0,0
92334622-e319-4809-9c1a-e38872580f24,1,9.719316,9.719316,1,1.0,0
f6156231-f55e-4059-95bd-2e261bd9db65,1,41.071187,41.071187,1,1.0,0
ea2fb240-73a7-4774-b3bf-8ad7d38ea839,1,57.296631,57.296631,1,1.0,0
8a6e7b29-d4b8-4602-8fc4-f72311cbf741,1,54.175607,54.175607,1,1.0,0
e0bf8a1d-68f6-47e6-966d-fc48cb0ee844,1,83.703505,83.703505,1,1.0,0
ff26f9f1-7320-42d3-ba52-75cc23d38d77,1,19.579337,19.579337,0,0.0,0
7900d0fd-ba7e-4cca-bfcd-f71a2dff4eaa,1,19.066804,19.066804,1,1.0,0
b8975c74-bcc4-4852-bdf1-207dd830a47c,1,0.727639,0.727639,1,1.0,0
user_50,3,106.815755,35.605252,2,0.6667,33937
ac0cb9e0-93ce-4cd1-8f69-d628fcdd7e52,1,42.271039,42.271039,0,0.0,0
82a31801-b6da-4372-968b-7c8805b5104d,1,92.568307,92.568307,1,1.0,0
97b5fb2f-3706-4af3-afc1-a50bcec6ae06,1,0.468081,0.468081,1,1.0,0
738d9607-a22c-49f6-b1a1-c95d6894be91,1,12.441714,12.441714,1,1.0,0
9be3ad61-6822-425b-9cb3-71ab85ffc114,1,36.760568,36.760568,0,0.0,0
4cd6d871-8598-4a03-9e5e-a08f819c32e9,1,24.396683,24.396683,1,1.0,0
79297688-9f7e-47bd-a229-ce827f2eb57d,1,59.014064,59.014064,1,1.0,0
9a08c4a8-f30a-4c95-af12-81b5af69617c,1,17.121615,17.121615,1,1.0,0
65ce2f4b-d239-4d02-bc22-0beac4a2aadd,1,79.059487,79.059487,1,1.0,0
fb4ee2f2-70fa-4eed-b78f-4dcfc12aad01,1,111.659414,111.659414,0,0.0,0
c98e1cd0-70bb-4acf-af2b-4136a9541245,1,41.086806,41.086806,1,1.0,0
70d57554-ef59-4c87-a51e-63e14e043e96,1,31.96376,31.96376,0,0.0,0
c7a335ca-63c8-4024-907d-7db5b8999144,1,4.086291,4.086291,1,1.0,0
0c236c0b-55a0-4461-9526-669bd34e2803,1,17.706713,17.706713,1,1.0,0
af427ce3-f2c8-45a5-a9ad-6ff79926f629,1,66.634861,66.634861,1,1.0,0
user_36,2,41.453244,20.726622,2,1.0,28077
b8012bfd-e37c-4ec4-a39c-73421c86de2b,1,5.013374,5.013374,1,1.0,0
e8925b5a-3955-47a6-89b7-2b9eed4b00f1,1,12.285272,12.285272,0,0.0,0
7ce5c98b-344f-4c66-a1cc-b831ec20ad15,1,128.553915,128.553915,1,1.0,0
9f401964-e8c0-4a96-9f7d-d42593984816,1,14.273206,14.273206,1,1.0,0
35854087-7edc-424d-9fee-1f61931f504d,1,81.150594,81.150594,1,1.0,0
a6e37849-1404-4619-a7f5-a3f5d0a66bf0,1,65.927912,65.927912,1,1.0,0
0af1e834-515b-44d4-a579-8b2701037aba,1,11.571467,11.571467,1,1.0,0
6fa071cf-9bab-453c-94e2-94c6aa70d6d9,1,79.443906,79.443906,1,1.0,0
5a125663-9f37-4b45-81e2-24d8ce21993e,1,31.889696,31.889696,1,1.0,0
1ea3e4d9-6639-4b16-9c25-797c4daa12fa,1,74.86722,74.86722,1,1.0,0
c899dbc4-50c1-4b7f-9933-55dd5ebf61d2,1,62.601286,62.601286,0,0.0,0
e93dee7d-a3ac-452d-99e5-5a10bf730935,1,28.544155,28.544155,0,0.0,0
4fa1fdef-11d7-4498-8c15-b10cfec30b72,1,125.283901,125.283901,1,1.0,0
10fa2132-cf3c-4584-abae-83d9059738b0,1,191.312155,191.312155,1,1.0,0
077778b5-6cbc-4133-86aa-110a31965ca5,1,110.355293,110.355293,1,1.0,0
4707a1a6-2915-491a-b68f-edf0d40e22b7,1,32.747028,32.747028,0,0.0,0
cfe5b3b3-1c02-4af0-b2b2-f00121a327d7,1,74.423525,74.423525,1,1.0,0
0b9b655a-db65-44af-9f99-2df3bbcd3dcb,1,41.436684,41.436684,0,0.0,0
3b0623f5-76d4-4cc7-bc20-5dbed02a661b,1,8.329497,8.329497,1,1.0,0
2fe54925-4da5-4bbe-820e-7cdcc5a03c07,1,19.713199,19.713199,1,1.0,0
1d62580e-43fc-44c4-9aef-4a85e6c93946,1,15.468815,15.468815,1,1.0,0
892eed18-9c67-483a-b3ae-7e3c6cf98244,1,82.507393,82.507393,1,1.0,0
a3c3e4a7-0127-486a-b372-dec6fdfbb357,1,12.151676,12.151676,1,1.0,0
525ccc8c-c81f-42a3-8024-e44c89a64466,1,75.611351,75.611351,0,0.0,0
ea4f05cc-3803-43c6-a66a-481f9db809d7,1,16.285959,16.285959,1,1.0,0
34aee54f-8433-494f-ba28-cfa39da5a475,1,27.350805,27.350805,1,1.0,0
2d019db5-b292-491a-9852-db2dfd3269b5,1,20.660824,20.660824,1,1.0,0
e329b5d6-931f-4ff9-bf06-a07557914bc0,1,2.272804,2.272804,1,1.0,0
77ff276b-53ef-438f-9648-c6b96f42195f,1,52.360867,52.360867,1,1.0,0
23d5e0cf-9e52-44dd-b3b9-33985133dd80,1,18.629104,18.629104,0,0.0,0
7402e6ab-db04-46f0-b32e-4f688c650e30,1,88.351633,88.351633,1,1.0,0
b88c06ca-868c-40b3-8986-8d9309f4675f,1,15.723812,15.723812,1,1.0,0
b4b23d39-c8af-4ba0-b2dc-e3b00d92df99,1,136.280428,136.280428,1,1.0,0
fb48645b-20c0-411a-952d-3258e310af62,1,23.198533,23.198533,1,1.0,0
b204a226-4929-4e82-82c4-031363c903b2,1,167.127771,167.127771,1,1.0,0
19605fa8-87f2-4276-9abf-7469cca5062e,1,23.448274,23.448274,1,1.0,0
9d452efe-e3bd-4a16-a716-d7b20ed123af,1,69.299702,69.299702,0,0.0,0
5cdb7134-946a-4f26-8f37-f8ac3d37e625,1,19.595837,19.595837,1,1.0,0
ea2dacc9-0f08-454d-a1f3-e6bfa9f29153,1,6.236888,6.236888,1,1.0,0
4f519cec-aa16-4e7e-a711-e4507ae9cae5,1,82.669225,82.669225,0,0.0,0
548528c3-49a0-45c3-825a-bcaad82007de,1,18.306395,18.306395,1,1.0,0
d3efdea3-6d82-4df0-8c62-8446c1a7e0e3,1,37.688725,37.688725,1,1.0,0
29aae3d3-0e01-4170-8b90-166c8abdbb90,1,5.959078,5.959078,1,1.0,0
fb1ebe70-84b8-4af4-a454-f62e9047bb3a,1,28.379827,28.379827,1,1.0,0
453dce32-3b9b-4235-9241-e583fc9da5f0,1,81.274082,81.274082,1,1.0,0
baf85e69-0c65-499f-a1b6-1ed381e89b02,1,88.367838,88.367838,0,0.0,0
71f53003-985a-490b-867f-13a54ff32678,1,99.7885,99.7885,1,1.0,0
2c86aab8-34ea-4dba-9fac-7edbafbf785d,1,78.585984,78.585984,0,0.0,0
f035178d-c8ad-4f4c-ad75-5831d175d336,1,50.615932,50.615932,0,0.0,0
da442417-49e1-411e-abc2-c4513df38610,1,21.04197,21.04197,1,1.0,0
8f379d09-163e-4e6f-8527-b7b918e5bfff,1,101.836154,101.836154,1,1.0,0
a456eb3c-5739-4a8e-9577-ec3a0b3bca70,1,32.660303,32.660303,1,1.0,0
282d030e-220e-41a8-a872-c8d6402ce960,1,17.791303,17.791303,1,1.0,0
ccb806c1-0a6e-4e96-a076-e0340b30bb2f,1,79.294404,79.294404,1,1.0,0
b4920a41-e573-4f59-9154-111e4003aaa3,1,87.25703,87.25703,1,1.0,0
4dcb8d8f-4fa4-4789-ac96-bd5c476aec40,1,38.556373,38.556373,1,1.0,0
220af3ae-5d31-4bb0-9e97-ed1cd679c167,1,3.370351,3.370351,1,1.0,0
5a4fd467-9595-486f-a310-b8a370252227,1,7.239931,7.239931,1,1.0,0
a3e2b080-0174-4ca9-bc69-9f6f0e839769,1,49.679912,49.679912,1,1.0,0
74542d06-0034-42bb-bb3c-2423d20760c6,1,46.35894,46.35894,0,0.0,0
2b5556d4-6bfd-4530-87ca-5f36079fd80c,1,24.473917,24.473917,1,1.0,0
de4afb9a-9acd-45cf-b763-f44c9a503398,1,69.190393,69.190393,0,0.0,0
b63c7851-ad73-48ec-8366-2617d691ed3e,1,87.63271,87.63271,0,0.0,0
b631ea11-4fdc-464e-afd9-fbc89c4ef0a7,1,105.166032,105.166032,0,0.0,0
fc8cf230-f58e-4507-8167-bc2ac93e91c0,1,163.34991,163.34991,1,1.0,0
2452427c-906d-47bf-8603-6c06a5df4672,1,2.027745,2.027745,0,0.0,0
d8b4689a-877d-45b2-8875-9cfd0c5e4119,1,56.180396,56.180396,0,0.0,0
b25532d7-5e7c-41f1-ba3b-3059cdb7a544,1,35.613669,35.613669,1,1.0,0
99b13a9e-20a1-41d0-ad3f-b36ad8f6c769,1,44.174336,44.174336,1,1.0,0
9a0a6b60-24c2-4498-ac9f-5d3bcdb071de,1,158.906996,158.906996,0,0.0,0
ad830de6-fd6d-452a-807a-059a37bbeb7b,1,13.791059,13.791059,1,1.0,0
e0416e11-bb22-45af-8069-05afb3602c74,1,12.188669,12.188669,1,1.0,0
20ebaa61-5429-4701-8351-217a8c3c0315,1,4.945715,4.945715,1,1.0,0
5bce6559-3b20-4a96-94c1-3b9215895b04,1,59.349064,59.349064,1,1.0,0
5e7ac9fe-eac6-4f00-a999-6e3c0ccf73f6,1,47.076977,47.076977,1,1.0,0
7fa4d127-ff52-42c9-aa05-ee1a75dc8220,1,59.905378,59.905378,1,1.0,0
31999543-dea4-4ae9-a13f-46769517ef23,1,52.444003,52.444003,1,1.0,0
9a135a7c-4b4b-4d2b-9d67-acba23633f82,1,14.678486,14.678486,1,1.0,0
5f35b767-47e9-4136-972b-f192aaed0156,1,34.885663,34.885663,1,1.0,0
026fd096-91a3-420c-85be-084055d663f1,1,41.629136,41.629136,1,1.0,0
ec0ce411-b02a-4cb8-a00e-24aa880533a2,1,25.887566,25.887566,1,1.0,0
user_12,1,29.90115,29.90115,1,1.0,0
776dd392-2b21-4a5c-a362-4d96b41619c6,1,7.676294,7.676294,1,1.0,0
974311d1-eeca-45d1-9106-fc922e3e84da,1,25.276611,25.276611,1,1.0,0
c8cdf9d4-8e50-46bf-8411-d8f512bdb333,1,61.842901,61.842901,1,1.0,0
565921a2-6136-4fe3-9144-d085f6decc17,1,9.092249,9.092249,0,0.0,0
edb7c591-7863-46b6-b1d1-425a33765840,1,151.000316,151.000316,1,1.0,0
b282ba55-70d7-4695-9dc3-cb0644ca7375,1,93.752897,93.752897,1,1.0,0
144ee086-68a6-4b08-82f0-717bd517005e,1,74.239874,74.239874,1,1.0,0
03d0d430-6fc7-41ea-9a37-f17b72ff24ca,1,72.305671,72.305671,1,1.0,0
6edb0427-39d8-4d7a-aa57-8a5a7098dd0a,1,0.391798,0.391798,1,1.0,0
3d05ddc3-6187-4ed4-85df-fab82176850c,1,32.570762,32.570762,1,1.0,0
b2f55481-2d8a-43ba-a079-16997c3cc3d1,1,5.505003,5.505003,1,1.0,0
8fa95bf0-10f4-4f8b-ad45-0f3c882c5316,1,40.156048,40.156048,1,1.0,0
1690c6f2-97ca-46d1-bcd7-e29230976f31,1,55.297438,55.297438,1,1.0,0
ef03040f-192f-448e-b909-94e6233cbb2c,1,49.334867,49.334867,1,1.0,0
164c919a-a54f-4654-b050-2e3ff7110360,1,21.8561,21.8561,1,1.0,0
7c8a94dd-53ac-4371-b443-5062b7f8f488,1,104.699331,104.699331,0,0.0,0
6a15b65e-6988-47c4-b034-dd3e7e713dc2,1,11.824908,11.824908,0,0.0,0
520dac7e-8c12-43b2-9e54-9fd0685efe27,1,6.998051,6.998051,1,1.0,0
9133007a-959c-40e9-b5c0-54c20cbd435d,1,16.087606,16.087606,1,1.0,0
abaf554c-391e-4b51-8a04-a575f2d6d7e0,1,28.863604,28.863604,1,1.0,0
a177b8cc-b720-43ec-8e89-37c2645ec2fd,1,45.915136,45.915136,0,0.0,0
62f9124b-db82-4fc2-8e7d-ca5e43e880bf,1,87.634356,87.634356,1,1.0,0
ca9b7ecf-59ee-417c-8e7e-cac18e8bc484,1,37.516978,37.516978,1,1.0,0
24f04610-f3c2-44a2-b581-269f43389bed,1,8.468152,8.468152,0,0.0,0
54d4f8a2-b0e5-4168-a80e-a946b681f3ef,1,37.537805,37.537805,1,1.0,0
9c51e127-d0dc-4740-9164-0d269f8a2922,1,54.667185,54.667185,0,0.0,0
be594865-e3f5-4b70-99c9-5d635d0cb381,1,13.096556,13.096556,1,1.0,0
ee0fa7e6-0ea8-4a9a-93f6-e8302cd7fc7b,1,44.983257,44.983257,0,0.0,0
22907b75-2748-4103-9560-f73fb0204a43,1,63.469036,63.469036,1,1.0,0
bb542e55-8ebb-44af-af21-4045f760667b,1,13.817691,13.817691,0,0.0,0
74aea025-05ea-4f7f-9baa-c12418d3254b,1,13.301628,13.301628,1,1.0,0
5f022dd4-2da3-4bb6-94b5-7fd2514bf486,1,59.918313,59.918313,1,1.0,0
44c89707-d058-4e43-b4b8-5918c4d2c5f1,1,37.456634,37.456634,1,1.0,0
7be2a229-8d75-40d8-8ee1-2224af5b92f4,1,68.169307,68.169307,1,1.0,0
532dc972-8759-44a6-9f93-3b78d4cecc94,1,1.487006,1.487006,1,1.0,0
1ae857b3-0332-416c-b988-f7ec46e8cd76,1,12.481677,12.481677,1,1.0,0
efc3aa6c-cace-4648-96ee-3426f5fc9e20,1,10.762063,10.762063,1,1.0,0
33bedb3f-072d-403f-a9ef-4846028c1a5d,1,14.078404,14.078404,1,1.0,0
95d272f7-8748-4eda-a7b4-3399efe11a06,1,28.262694,28.262694,1,1.0,0
0e3dd136-a6bf-4f58-9f27-e082dc3040bf,1,40.455293,40.455293,1,1.0,0
5bfab3c4-8ea5-4522-a637-6fc876674193,1,20.953424,20.953424,1,1.0,0
e2b5edae-2aad-4c96-a35e-0a9e3a2ba580,1,37.817608,37.817608,1,1.0,0
0b2103a1-d086-4991-8f9c-3b5e5cb1b304,1,18.774366,18.774366,0,0.0,0
a48983a1-1637-4224-9fca-2833e804e6fd,1,11.410145,11.410145,1,1.0,0
6e089db0-018e-4e10-ac5a-6fe69ea084d5,1,5.614435,5.614435,1,1.0,0
b261c204-9f45-4e8f-a197-177c3449e493,1,1.653262,1.653262,1,1.0,0
56dbb188-89c8-49fb-a197-93d2f8cf008c,1,34.37524,34.37524,1,1.0,0
b5de68e5-5044-4a78-a254-ad0cd99fae13,1,17.9268,17.9268,1,1.0,0
640a003c-bd87-44ec-a608-678d50686be1,1,58.063122,58.063122,0,0.0,0
b03bbae1-4822-4e11-ad2a-1580392179a2,1,20.138102,20.138102,1,1.0,0
e2bfcee5-7c26-441d-82c9-4aada8c65aff,1,80.939876,80.939876,1,1.0,0
57e42d78-e47b-46e7-85b4-91c8731a9c83,1,14.431959,14.431959,1,1.0,0
0470f891-9dd4-4e5d-8684-6c964adfd25a,1,2.695312,2.695312,1,1.0,0
53bb04ce-fbe2-42b6-89ed-372c4664034b,1,138.920959,138.920959,1,1.0,0
abfbf9da-a837-4e71-8643-7caae55ad498,1,40.840553,40.840553,1,1.0,0
613aa287-da07-4d8b-bdf5-a4b918a83044,1,93.395328,93.395328,1,1.0,0
7a7a66fc-894d-41bf-86ba-5c70226748c9,1,4.043881,4.043881,1,1.0,0
80d068c5-157a-4ae0-b152-a0aad299fa4f,1,0.286166,0.286166,1,1.0,0
afc6acd7-dceb-4305-b7d2-230775a2a2bc,1,44.429968,44.429968,0,0.0,0
user_15,1,63.848973,63.848973,0,0.0,0
6d2a79e2-ab03-4b03-a119-6c034f324f0e,1,118.060111,118.060111,0,0.0,0
04e0e8fc-008e-428c-ab31-373b991bde51,1,32.770136,32.770136,0,0.0,0
4b4bcd6f-1f4b-4fda-9879-22c1caf12559,1,18.19625,18.19625,1,1.0,0
525b4089-a87a-48d8-8ad2-0a830afffa85,1,36.214155,36.214155,1,1.0,0
cafad5ca-f819-48a2-99a5-4d34ea91add3,1,13.511454,13.511454,1,1.0,0
69a9963e-eb5f-4545-b35c-1944b5ae4741,1,6.320292,6.320292,1,1.0,0
5b24684b-12e1-4dff-b378-1b62545e5bf7,1,9.551775,9.551775,1,1.0,0
55ecfb67-01cd-45f2-9830-afdf4bde85f2,1,104.888645,104.888645,1,1.0,0
cda061dc-2371-4fda-a7c6-2d31864dc519,1,29.850349,29.850349,1,1.0,0
a7ad9a40-4de7-47a3-9e9f-31ab4ad1ba11,1,25.379996,25.379996,0,0.0,0
32e30173-acd5-441c-b4c3-58e149681014,1,0.802368,0.802368,1,1.0,0
66b8c4da-cd5c-4d49-af78-e8c335ccad62,1,66.026847,66.026847,1,1.0,0
303678c9-a79b-4078-bb7a-dfa57353ce67,1,19.083711,19.083711,1,1.0,0
c3186fc9-1146-47ff-9b94-1794a7062eea,1,114.626631,114.626631,1,1.0,0
cd7674f2-5eb8-473d-9d73-a980f4924642,1,5.393612,5.393612,1,1.0,0
f9144cf9-9bec-4ea7-b22c-b7ce74812ab2,1,34.675344,34.675344,1,1.0,0
de9c9b03-1e32-46c9-9803-0730b67f422f,1,77.167805,77.167805,1,1.0,0
8a693b13-771b-4017-ab7a-5f0e0ab6db1e,1,27.070366,27.070366,0,0.0,0
cdb96231-0368-406f-be76-e6209ab8d0f1,1,34.314433,34.314433,1,1.0,0
54d4c8b9-2735-4925-b355-d52b4c3cf95c,1,11.421255,11.421255,1,1.0,0
ae2db085-9b50-45a9-9898-abfb8cd0a99f,1,122.419555,122.419555,1,1.0,0
425cb532-bb74-40c1-9fb0-c6fc8492ceb2,1,43.270262,43.270262,1,1.0,0
3fd7c1f9-31dc-4c95-ba87-fb0b104f49ca,1,12.260512,12.260512,1,1.0,0
2aa08daa-45de-4bc2-afca-d59ad60648b3,1,206.615738,206.615738,1,1.0,0
fcb22eee-3ee1-48cb-9055-79f295f3b276,1,171.956822,171.956822,0,0.0,0
dc4d881f-220b-4099-87f8-94f7aa854f02,1,32.865744,32.865744,0,0.0,0
9c5361f2-8ac2-4986-b9c3-8b15c2131f82,1,63.073503,63.073503,1,1.0,0
4cc2fdd2-48ea-48f1-bb60-e808d4cb6d6d,1,35.190956,35.190956,1,1.0,0
fee20e61-ab02-4567-876c-01fa833160b5,1,5.211925,5.211925,0,0.0,0
8110d5fd-7836-4b5e-aaa6-90ad86bb2bde,1,108.830256,108.830256,1,1.0,0
f819d97d-4bea-46c6-a2f6-708e28524e92,1,17.692512,17.692512,1,1.0,0
656ce520-48a7-43b1-afde-fa93bdc27634,1,44.773462,44.773462,1,1.0,0
ab3817ad-4407-4b5f-ad63-46351b290288,1,50.55251,50.55251,1,1.0,0
831f624d-c056-445a-a8d7-7cb10b186fbe,1,2.353589,2.353589,0,0.0,0
50bc7cf5-99d7-4cdb-9149-5107f2234335,1,105.286929,105.286929,0,0.0,0
e64b6550-a253-4e4e-b1c8-0a37fe9e75e2,1,0.776943,0.776943,0,0.0,0
929ec88f-52a1-416c-90b9-2e7adea63ad8,1,43.20438,43.20438,1,1.0,0
84ee0fcb-1620-44c3-ace7-26b2def39ccb,1,102.009543,102.009543,1,1.0,0
b3c56ca1-1138-409b-97da-16c31c8548ca,1,25.683195,25.683195,1,1.0,0
41a8aa93-c803-4d3c-948d-9068992bc513,1,7.241553,7.241553,0,0.0,0
e5911974-e849-44c2-8f2b-f096d5099ebe,1,58.234427,58.234427,1,1.0,0
3141f1f4-5a6d-4716-a3ed-d73c26257764,1,20.851661,20.851661,1,1.0,0
339e43d2-c4e2-4bef-9118-0b1dbc7afd83,1,1.7432,1.7432,1,1.0,0
e9049b54-5c83-47f3-91b6-08a800b5dc86,1,1.426092,1.426092,0,0.0,0
