tx_id,user_id,amount,timestamp,success
e3e824b5-9072-452b-9e59-96d24c6c25f8,user_40,33.5659,2025-12-02T05:30:16.192546,True
0e2dabdf-6455-41c6-a7ac-91c39cd4349d,286a2da5-d778-4e63-ba31-ed58fd2f5c5a,7.53372,2025-12-01T22:04:07.192546,True
3d602de3-380d-4009-bf91-d3e11668136b,8c7f58fa-5fb3-45a6-a581-a3bea1b00e28,89.696254,2025-12-01T21:59:09.192546,True
af8bdf30-40c9-4e66-8104-cef24f5140da,a1ad09fc-c5ff-4151-9fa4-109600571a5f,23.375516,2025-12-02T16:17:59.192546,True
7a4be320-0788-43a3-acbf-107b22c442d9,9468b85a-2c7c-40d7-b9bc-415b2fe504f1,43.917499,2025-12-02T00:46:33.192546,False
1054d874-1863-4421-8402-f21d67dfc119,f3b43ced-b46c-4d18-be22-cabbe1d2c247,11.304363,2025-12-02T17:44:37.192546,True
24a71514-9471-47d7-b193-157171cddc2a,a612c9bf-2aef-4d37-8271-ac05f3a27403,39.541641,2025-12-02T14:33:19.192546,True
b9c287d5-7a7e-4fc8-a81e-4599c80f1948,f501bc32-56a5-4c62-bc0b-b100fa0c98b6,46.542974,2025-12-02T14:11:18.192546,True
56e4ff8f-ef44-45fe-9311-949367000a50,db10a900-a729-4863-aacf-bf7198a3cb73,114.219119,2025-12-01T18:29:30.192546,True
db4b375f-de44-4798-bb3d-924a1be3a4f6,user_39,15.013868,2025-12-02T17:00:43.192546,True
7caa59ab-f32d-439b-8234-56a810459fb9,7c236e63-0a94-4881-84c8-9c66c7774ddd,174.348225,2025-12-01T21:09:50.192546,True
c70b6ec7-3962-4782-b275-e0129e7f84ce,ff103a08-68a1-45f8-8155-dae8346709c9,116.1658,2025-12-02T12:18:56.192546,True
3d24b511-fde1-4fbe-8d60-b943e83c331a,44f3c80c-278b-4968-9b08-9fbc0cc7ce5d,4.794875,2025-12-02T04:42:18.192546,True
26f337e5-0195-429e-ab77-d709bf2c3d55,user_37,6.564372,2025-12-02T01:59:23.192546,True
1f820671-dc64-4030-ac27-331fdb93a2af,c34d1dea-e18d-41e2-b07b-e8a665b89bf4,25.960383,2025-12-01T19:05:37.192546,True
1f60f338-2680-45ac-9a38-22b9bfe176d2,c75cb5b7-3978-4df6-babc-d28f4bb0e96a,12.533574,2025-12-01T19:06:14.192546,False
91f4723f-0d7a-41d3-96ce-367cdb9ce893,dce22616-bfc0-46ef-a586-5325683ceb21,16.774539,2025-12-02T07:46:57.192546,True
efcc87f3-59d9-4646-a8e8-dcf35c926e03,user_32,94.767257,2025-12-02T10:23:58.192546,False
8a058d9d-808f-4097-9b61-acd4b87a2835,5071fa18-84df-4a69-a245-117aa457b27a,44.78478,2025-12-01T19:46:44.192546,True
6b6ee888-db13-4fac-8f4d-7ff06edd743d,8f26e832-8b1a-479d-a4c2-17ee20b86aa1,32.944973,2025-12-02T04:42:40.192546,True
0f830ce8-b2b1-4c54-839c-41f1b171afe2,user_21,36.237035,2025-12-02T03:31:00.192546,True
12c1f484-0eb6-414c-9903-82e39a51c113,6d1a6d07-08b8-463e-8dec-e3b7db0934e6,92.322566,2025-12-01T18:46:45.192546,True
6d953690-2ba2-48a1-8be3-27044f970a53,user_30,6.522856,2025-12-02T01:29:03.192546,True
6cf8a205-5238-4975-9116-1aff1b5e2882,7be6f972-b5ea-467c-854d-ecdea94720e5,7.155528,2025-12-02T14:42:27.192546,False
60ad2e18-07dd-4821-aafc-0b0999844e13,user_11,73.270418,2025-12-02T14:33:52.192546,True
d2cc4e0a-e9fd-4a69-b730-ffe1a48bd9d8,user_11,72.763513,2025-12-02T08:41:40.192546,True
7b4c6caf-c368-4112-8c2a-23d34673b2e2,be1eebe4-a560-4953-af73-8134796bcb25,18.489845,2025-12-02T12:23:29.192546,True
9c1d5a36-d320-431a-9cd3-2ef6bbeb987c,cafb8798-eeb3-4aa1-9ef2-288c38a4a5f2,5.9613,2025-12-02T17:53:27.192546,False
1e791eee-9c02-4448-8d08-c2fdeac57dc8,a99d4039-2e6d-41a8-92f8-0956a36402d7,14.898228,2025-12-02T15:49:42.192546,True
1cd5e463-aec6-483b-9053-039501a12a62,user_39,26.18831,2025-12-02T00:41:04.192546,True
381fefdf-8338-47a4-ac4a-3900cd1ba272,2fbc0c7c-4a3e-4991-8b3c-9df817daa06b,35.462066,2025-12-02T02:02:41.192546,True
559aebf9-c81c-479c-90ad-c7f994528df6,6fee403d-7afa-452c-b997-3e016c45cd1e,0.59441,2025-12-02T17:06:49.192546,True
2e007ece-df13-45dd-adbd-f47da34d2168,b1a95ce1-9680-449c-a55e-7c3c58f0a8fd,28.587318,2025-12-01T19:07:43.192546,True
386632d7-2458-45cc-8b40-6c3f91f92c55,5e6b295c-323f-4b97-8a4c-d9f116a2e408,0.23483,2025-12-02T03:28:45.192546,True
e4b67cbe-efd2-4845-9e3a-11eba639f579,cf2a4fe6-998c-4498-8931-90484d376e3c,10.789149,2025-12-02T13:50:05.192546,True
3358ab7e-217c-42d7-bef0-3abb3df0e4bc,d755a65b-cef9-4c3b-b536-4d6f6961e807,0.340226,2025-12-02T11:18:52.192546,True
9fb9320b-efc0-42ee-a223-cab581081c18,user_8,55.56095,2025-12-02T07:47:41.192546,True
80c8f91b-2793-4f2d-957e-6f7c5211775d,bb5aa7cb-0cfc-4596-809a-4a9da4f67454,98.190807,2025-12-02T15:16:08.192546,True
4dad066c-7f0f-45ed-8200-1863efb5522d,user_4,0.556289,2025-12-02T08:40:18.192546,True
030691cb-78fa-4eb4-ae9e-0ad497d199d4,15bc3d9d-dd0d-465d-857a-a220a69122d6,204.067222,2025-12-02T15:13:30.192546,False
1acdd71d-a961-4fdd-8ac8-3e2ed63238ee,user_35,39.862022,2025-12-02T05:21:54.192546,True
d2d78d81-e681-4c37-ba6a-9e28c8fc1967,17d82a3d-9e2b-4c88-90b0-41146889dc71,66.545737,2025-12-02T09:02:33.192546,True
9d7f66fb-f5c0-44e0-8baa-bfcbbef7d804,user_23,41.393155,2025-12-02T16:19:15.192546,True
4390e29a-2685-49b8-917d-e2879fb9cd97,a7ec59ea-5fbe-45cd-bfcb-f48f93a10911,87.474351,2025-12-02T01:47:54.192546,True
03a427b0-7cfa-4af5-a099-0124e04f915b,4f4bbf40-234a-47c5-b3f1-6fb9be684cac,15.211459,2025-12-02T12:10:05.192546,True
f6106a1a-088c-48f1-b5f1-277c68a329e2,user_44,50.346105,2025-12-02T07:11:29.192546,True
56c26112-134b-4ea4-9f00-89f0f3cf22dc,user_48,30.148014,2025-12-01T23:54:05.192546,True
9afc742e-d2f1-4d15-a27f-a331e7eb6594,03b9c896-1461-4bea-bedb-a927c307f19f,60.518261,2025-12-02T02:28:03.192546,True
5589ce1c-59c9-4246-a50b-c03f35a99293,e96cc669-3733-43a8-9d7c-7d18c45516ba,8.475934,2025-12-02T16:28:33.192546,False
71825f03-f457-4ec0-be6c-094e2db600b8,user_38,10.991895,2025-12-02T05:07:30.192546,True
72632d53-9215-41d1-b007-dd4bb90e4033,912db375-8c00-474c-bf1d-12dbfb298c3b,20.916531,2025-12-02T12:20:38.192546,True
db83089c-069c-4cf1-a8f5-3b7beac0551e,user_8,98.880766,2025-12-01T22:40:43.192546,False
4f02bd07-1fff-4c6b-a8ba-482f46f00fa2,user_44,52.845992,2025-12-02T03:51:38.192546,True
189a81d0-1f06-405b-8310-efa5a3aeb9c1,user_17,1.104066,2025-12-02T09:16:15.192546,False
ac1b56aa-48c6-4dff-8af5-4f6eef563b12,user_35,11.352698,2025-12-02T02:33:07.192546,True
6aaf8f4c-15f2-4795-aa5f-25a3beb62bf2,7cbd9758-c0f9-4e08-bc01-6279e1f0d5b4,72.224116,2025-12-02T06:43:54.192546,True
973f7c21-dc4a-40ab-8795-db99a7b65b6c,user_11,39.986749,2025-12-02T08:35:36.192546,False
e2e5c7f1-dea1-4097-beed-11fa0ff6e594,38a171f1-1969-4a3f-8359-9ac6188b8c61,1.003721,2025-12-02T01:47:24.192546,True
0f4aa199-2875-4925-a930-8339799f4294,46c7f3ce-5ea3-4ec3-b7b3-cabd1ff46013,20.537497,2025-12-01T20:49:13.192546,True
e4435be2-1c20-4857-9cfe-4b092c2b39fe,79529ecf-dbdc-438e-9fa6-b993a7b3fb40,13.358187,2025-12-01T20:38:17.192546,False
22e8d588-22be-4e63-b73c-3b77f1619069,eec2fee5-33ca-4fd9-bcab-31b3701a01bf,10.479057,2025-12-02T02:25:01.192546,True
51d6f79d-3b6a-42a4-8aac-7fcaa4d8cecc,user_44,232.379891,2025-12-02T07:04:03.192546,True
376eda72-5ab9-4d06-af13-5bfd27ac59e1,user_44,11.946269,2025-12-01T20:16:18.192546,True
61daedeb-0145-452d-9cc4-070564c0e352,f57093c8-5747-440e-b97d-64e39a803a9c,7.429448,2025-12-02T03:59:55.192546,True
9d3bed33-4164-497a-9799-ba27eebda8d2,2af743ed-77e3-4ccc-a3eb-27839b238d82,76.752904,2025-12-02T17:19:33.192546,True
6566cbc5-b2ce-4e25-85f9-a47d9543f612,e8f18dd4-108e-4725-835b-ee23a855934b,112.268462,2025-12-01T21:14:11.192546,True
ef170071-3d94-4ff6-85a0-c2e16505685b,user_8,38.762331,2025-12-02T16:53:13.192546,False
4d9a2198-cce0-4c86-bd3f-bf24569ba997,332f64a6-328b-4d00-924d-68696122230f,102.109399,2025-12-01T22:59:01.192546,False
4b3cb335-78ec-4fa8-8537-46ad018b4f5a,bea8ccdf-a9e9-459f-ada0-5bbf4fa4108e,214.182948,2025-12-02T16:52:11.192546,True
cf264350-f08d-488a-81ac-021785550913,user_16,92.723053,2025-12-02T04:39:40.192546,True
21441720-15f7-45d6-a898-d5d6befffd0d,user_9,36.843072,2025-12-01T19:16:44.192546,False
2b7e1f94-18e2-44f7-986e-9dec45cb9ac4,user_6,47.080669,2025-12-01T20:20:29.192546,True
963aa751-2597-42d2-a01b-2833c042bc35,user_39,104.895922,2025-12-02T08:04:13.192546,False
26eb5287-1e37-451b-8c91-eff53ce0a33a,user_37,40.055511,2025-12-02T09:53:54.192546,False
db61f70f-a79d-4ae0-8e60-8f1e48bc00a8,da63fe6b-345e-467b-9898-14ff77bfc70b,59.411213,2025-12-02T01:38:47.192546,True
5e95e225-ea01-4d4a-b9b4-210f7a455526,user_17,65.755555,2025-12-02T10:36:36.192546,True
a9e0b27c-0aad-4f67-b24a-ca8a03b69ed9,f0afc48f-f178-4c25-8174-c39636e228bb,34.340448,2025-12-02T14:00:32.192546,True
b93436b7-785f-4671-983a-15d1dd59f5e4,951685b9-04e5-46e3-9b5a-faa08ea1ac3e,33.99303,2025-12-01T22:44:18.192546,True
821fcf72-f199-4218-ba83-a1e2bbbdc9e6,user_4,86.952002,2025-12-02T00:34:49.192546,False
9bf6e7ed-0286-4b51-8ae1-1d5d4a7d714f,6c9be8d3-92eb-46d4-a59d-bf900d0c116a,36.750076,2025-12-02T01:38:20.192546,True
c738d11d-e18c-4e80-a63d-717de091b06f,user_33,344.601927,2025-12-02T02:53:36.192546,True
53368166-f61d-4fb4-9be8-eeff8858cc16,7546b7dd-2528-4291-a7aa-2b094abc16de,106.168264,2025-12-02T07:27:42.192546,True
d0b02ad7-11ab-4e90-a9e8-28c0414ec7ac,3c789198-4e6f-47df-a3c8-bffdcc183fb9,48.5989,2025-12-02T01:40:06.192546,True
5923e4d1-2512-49be-b4cc-42fa3807c1f4,83302e35-b78c-4af6-a622-ada493fc66df,7.545484,2025-12-02T07:53:53.192546,True
d791caa8-4aff-44f6-8e7c-b140f0928401,user_33,93.209432,2025-12-01T21:24:03.192546,True
0779aeb4-9dae-4da6-8244-4c31a4c2f6b1,user_14,142.482394,2025-12-01T21:45:15.192546,True
bc07968a-0bec-4120-98d2-893f13c19ee2,1a638112-fc00-4dd6-9a9d-ce494d4b5a90,53.288037,2025-12-02T03:37:46.192546,False
98e3a32d-b931-4db7-ad92-1f8ee17e104a,46309fba-ab19-4760-9edf-6268debcd7d6,122.851777,2025-12-02T00:58:20.192546,True
0d96b28e-7137-4ce3-8e49-50cd0845d250,749d2f4e-d114-42e3-8285-49dc5f5bb157,5.314228,2025-12-02T09:03:29.192546,True
a1e4c3fd-4999-46a0-8dc7-7279faeb3a3c,3b1e5103-769f-40aa-8a59-40682eca1b7b,198.326407,2025-12-02T12:28:46.192546,True
3a56a941-fd72-429c-ae64-f66903b0ba37,88448150-efda-4da0-b74e-4f4cd05b5e0f,114.694314,2025-12-02T03:33:39.192546,True
fc6e8032-f1b9-46d9-bd94-5661062d9439,85afdc81-3270-44bb-9869-7a909f3d68b1,4.78599,2025-12-02T04:33:01.192546,True
e1f8c06a-6365-46de-9da3-33619aa7bbf6,0b854925-e550-4f2a-8ae6-1ef22b7b3e66,75.424938,2025-12-02T14:51:58.192546,True
fc0c6425-c943-436d-8eba-44f27a0aef62,user_20,5.118036,2025-12-01T19:31:24.192546,True
c00af57d-b412-45c6-aaea-8eb3e5bde345,cf4b8320-247e-4f9d-82a8-6fcfccd2a788,40.104112,2025-12-02T16:14:34.192546,True
3f9cce00-eeaf-4f48-a554-0f09ac8b0e11,a936a2a8-7a68-4395-be8c-f080c836cbac,261.556247,2025-12-02T01:21:25.192546,True
b917cfce-5722-4e6f-b52c-d09d236acb9b,user_30,12.42757,2025-12-02T00:11:26.192546,False
75b40933-5c98-4738-8bcf-b020b7b9a5d6,733c9fa8-325e-4582-9b68-c5bb813ee277,5.126889,2025-12-02T07:29:45.192546,True
133e92b9-9991-4e98-9cc8-dd2213d50708,user_14,58.35774,2025-12-02T07:00:26.192546,True
0b201bf4-6979-40e0-9376-d7c9e4d32fc2,b89e85fb-a9d8-43e2-8d88-996a54bd4087,41.514802,2025-12-02T15:41:07.192546,True
1900e254-3d10-4fa7-8b69-c2c529e01d9f,9297fd86-5eb1-4497-9946-a3dcb2909b1b,4.35844,2025-12-02T14:15:20.192546,True
4f7bfd85-9b60-4bf5-816e-3dbde0662921,5e137c02-a8dc-4766-b848-47996bc6a94d,10.84688,2025-12-01T23:58:14.192546,True
b3a38b21-5efb-4388-bf70-716f62621ed4,a61e4ec6-c16f-444e-bfe6-4ea0cf5e71cc,67.901612,2025-12-01T22:50:14.192546,False
6a27b793-167f-43c8-a9f4-00e98f039bf3,0069ab0b-08b6-41fc-ac6d-4d1084936d04,40.655641,2025-12-02T10:46:54.192546,True
64b8030f-3a0d-402c-b0de-d92f6b82f554,488328a1-cb0d-407b-b16a-d47c59bc3f12,140.571883,2025-12-01T19:21:19.192546,True
84f5c415-6d9f-43e2-9b4a-1adcc49b17ea,81f902e0-d7ab-48c8-b31d-0a757cdb19bd,90.805376,2025-12-02T09:41:27.192546,True
3bdfe2f2-e20c-48a0-91da-7f06ef8287a8,user_17,88.036308,2025-12-02T00:36:28.192546,True
00b6128b-ed24-401b-b0d1-cdb63482b1c3,user_16,9.521718,2025-12-02T08:45:01.192546,True
41c27d00-480e-42cf-948f-8a57c6634cf7,user_7,189.024312,2025-12-02T15:11:48.192546,True
6fe3835b-09cb-4bd0-91e1-71c84189c142,25377245-ac23-4603-8a8d-c6a0895ffb85,1.552857,2025-12-01T19:42:44.192546,True
4c70d51d-9dcc-465d-8141-e704d8de49f8,018c9c02-8b1a-4132-97d5-0805c13b7fc0,25.294397,2025-12-02T17:45:20.192546,True
bbbde1a2-ae8b-47ac-9e27-9e9165d1e0d6,a8efd733-35a2-4985-8544-7764c45be234,15.088503,2025-12-02T06:03:16.192546,False
81101de4-5086-47e5-afa9-50f2c675b184,9265c2f0-0157-4fc6-b67e-f4b338fee07d,53.657874,2025-12-02T17:47:08.192546,False
764ac584-8c7d-4dd1-bc0c-03c4c9754626,ed7b4f81-e746-4100-8451-cfd0eada46c4,148.88752,2025-12-02T12:18:22.192546,True
1cc7176e-df09-4b84-a5b9-5356a9fdf14f,56c0b5d5-bf16-4e16-a7d2-3fc90ff3b52a,58.737624,2025-12-02T08:19:36.192546,True
34350b3b-92e0-4b1f-b6f4-d29fca0f433f,user_8,4.806988,2025-12-02T09:32:42.192546,False
62daaab2-0545-4f8d-81fa-0f638cf64846,62f6dd66-95c3-43ab-ab15-2148cc7c9993,26.300955,2025-12-02T14:49:20.192546,True
53479932-bb73-4b17-9869-4bbd37a468f5,user_29,16.264766,2025-12-02T12:45:40.192546,True
221ab35e-7154-453a-a8df-e85627f533b4,8502eeab-0f5d-4302-812c-8c864d98f236,5.992807,2025-12-01T18:15:00.192546,True
10ded547-804c-4c51-a5a5-3456d76e5657,883aac3d-6967-42bd-badd-5d6d774f08c8,71.619325,2025-12-01T19:16:21.192546,False
27cf3d0f-32af-47f2-bfc4-9e7fec352a07,user_6,49.448998,2025-12-02T15:09:10.192546,True
855d49e2-04d2-47e2-b056-82d02dcf4d45,user_35,35.117353,2025-12-01T22:41:11.192546,True
ea6fda10-0401-47ba-be4f-9747529df065,a829b5f9-5393-4a75-9909-93e68c9fce1a,19.871451,2025-12-02T07:59:05.192546,True
32e11df4-38d4-417f-892b-f9c0edb23fe3,user_28,30.137109,2025-12-01T22:49:05.192546,True
d12ff324-c45d-4f3e-84cf-3d9a3af65f4f,f758769a-ca26-4232-8a48-1b4b0ca184ab,20.775284,2025-12-02T10:08:06.192546,True
ad714d80-ade9-4a8e-a5f0-2695d6ceda8a,user_26,0.868369,2025-12-02T15:41:41.192546,True
c00fe0b9-257d-4f0f-aa77-e0cf02bfcc41,user_38,37.714555,2025-12-02T16:26:39.192546,True
abbe32ec-44c2-418e-9085-ddb3125722cc,4b433e0e-6284-4da0-8cea-a6d028c60f92,30.449516,2025-12-02T10:13:40.192546,True
b16d9e8c-d3df-408f-93f3-e326f17a3b96,4a39fc35-0d18-4718-a08c-9c23c46c800e,22.784484,2025-12-02T00:06:03.192546,True
ce4086c7-1acc-4bde-83b9-b54b780d9205,user_3,31.436628,2025-12-02T10:40:24.192546,True
dc84dff5-5207-4adf-92d9-6261951f2ec5,471718e0-e284-4e30-96f0-6816f243874b,15.674923,2025-12-01T22:37:18.192546,True
d89609d1-a6a7-4530-a34f-2f5c3dcf247c,user_18,14.040163,2025-12-02T07:37:08.192546,True
b9e95e4b-fed8-4cc8-9ee6-bc6d3c346642,764e0143-40d1-4a82-9584-f1cfa4a05ddf,0.523998,2025-12-01T19:37:15.192546,True
b670641c-fb4a-4da1-ae46-97b8664fa122,5b271f7d-8e68-4926-a57e-f631e43a88db,11.551187,2025-12-02T11:43:23.192546,True
0302a1d2-9714-48ad-b3bb-b6faffb51eb5,0a0779f4-7862-45d2-9d6f-ffd5e6ae8b7a,5.650001,2025-12-02T17:17:54.192546,True
d8599231-ead7-4d21-a114-d6ce1043f712,c6820814-ee37-4629-8430-8fd564a539de,28.905389,2025-12-02T16:00:11.192546,False
24ecec7d-f1a3-4e7b-82a6-a9cb5a11b2f8,35d27a99-4db5-4856-8a27-598301d5df57,5.423951,2025-12-02T08:35:02.192546,True
7621049f-25fc-43fa-918a-60d6da85b461,dd82bd12-95c6-4f77-8b88-7260d0dd6f3d,13.56287,2025-12-02T07:11:39.192546,False
2ffd48a1-a7ba-4768-8434-8b7809ce1115,90bac3a5-6fea-468d-9388-3895c13954a0,35.28326,2025-12-02T11:56:23.192546,False
73dc0aa4-66af-4fa2-8a67-b8add6e339e9,ff399514-5244-458a-8c3a-10dd0fc8b5f1,50.488448,2025-12-02T02:48:48.192546,False
42fe9c1c-694a-4423-83da-a55361aa590f,user_14,72.625372,2025-12-02T04:39:32.192546,True
9a498860-ee4a-454c-bdca-37e4f3c9d62a,e38bcc4b-a74a-4a4c-aa9e-7c784c7e1418,68.548901,2025-12-02T17:25:58.192546,True
69a2f6c2-55ab-4b48-803c-b4dbf9c2ea78,4033ae79-6879-40bc-904a-bb3012e8b876,26.820774,2025-12-01T19:53:05.192546,True
7fae9952-b094-4ca3-9adc-45b4991aa931,f44b45d0-bde7-4005-9481-05667a1e568b,51.222243,2025-12-02T01:39:14.192546,False
71a32644-eb95-435d-a269-7c4aa5fcb103,user_6,28.508661,2025-12-01T19:30:34.192546,True
b4fc1dbb-3542-40dd-a920-5933623c3069,f95b247a-3784-42c8-85de-0aff8ba4fa32,73.66509,2025-12-02T13:45:58.192546,True
da4bea60-54af-4017-bc03-e5d78c0dab3e,user_10,166.756165,2025-12-02T09:32:36.192546,True
d7219b24-0824-4fc2-a9e0-0a92b680af7c,user_45,68.703796,2025-12-02T11:41:45.192546,True
f4e81590-703d-4203-ad65-0930047e254d,3026a379-fe90-4b11-b8c2-840d59fd1428,11.11133,2025-12-02T12:10:54.192546,True
6aa4a646-c065-446b-986a-8e5fccaa9f71,2a9eb802-31aa-4d54-afdb-9dd21a52dc19,22.779538,2025-12-02T13:42:29.192546,True
aeb02953-29bb-43b2-b857-205d955accd7,user_45,36.189908,2025-12-02T03:41:40.192546,False
dc670780-10c1-4102-9bf0-9a23dbe85124,9ae52a0d-75c9-479d-b5ac-097b859c3956,105.528529,2025-12-01T21:33:32.192546,True
cd47fd11-8d02-4203-b6a8-263dcb957cbb,02ff1022-2434-4d2a-ab29-9267cb46cab4,85.880764,2025-12-02T12:09:01.192546,False
6d48209b-f1cb-4a89-9f04-1046fc66d776,b9e10c72-e3e4-4b39-8889-4c7c5424a856,12.409083,2025-12-01T18:33:28.192546,True
89d1c140-ca81-4b6c-ad24-50a445d0c4d0,90e14e45-3622-4930-a215-954a5a864d01,43.807488,2025-12-01T19:54:26.192546,True
9189a328-99d7-48fe-9b04-9a7ee0ce3dff,8eb16a9c-ab04-4584-98a9-3c0ed6d6c792,112.566895,2025-12-02T04:05:45.192546,False
aa487e6e-8e3b-4861-9f24-61f7fb7b1899,user_32,22.036845,2025-12-01T19:02:33.192546,True
40d84162-21f9-48f5-b6f7-34201df3d203,028ec14b-a7fa-4363-aed7-e28a5bd9df25,11.6212,2025-12-01T22:37:12.192546,True
b8d3af0a-846d-4e5b-8504-b453e27828aa,274c9a77-c79f-4d4b-8fdc-7f2e72037cfc,69.284286,2025-12-02T07:42:08.192546,True
7088b04a-91d5-474c-b029-a47aac438d22,user_38,12.699218,2025-12-02T13:55:11.192546,True
abd7e8a4-ff45-4b70-aaa5-65411ddd40f3,6d9cfd88-21f4-4216-a773-918c30e345cf,54.396488,2025-12-01T20:22:23.192546,True
3f00baf6-b7b2-4b6f-b7cf-1f00ede687f3,3c62101e-53f9-4ca6-a8cd-16affd4926ff,93.081645,2025-12-02T07:30:55.192546,True
4da861fc-1994-4282-b7b4-d8f447e3cf8a,91434474-e1a3-4156-a888-27f3e01fb313,90.420697,2025-12-01T22:07:24.192546,True
e7f12808-0342-46d4-961e-4e711d290967,user_18,65.601303,2025-12-02T06:20:23.192546,False
77219a82-2d7c-427b-b91b-fb343e014207,19612328-70d9-4d42-9cd0-959a960e6856,22.602988,2025-12-01T19:22:10.192546,True
e4e3751b-aeb2-42aa-a499-cc8e2679b0b7,user_7,8.562065,2025-12-01T18:58:13.192546,True
d4dd3224-3d6b-4857-afdf-db63255aa284,8001278a-8fda-4d06-b3a8-2978bc3e7364,149.826348,2025-12-02T10:31:34.192546,True
56149bd5-725a-47ef-8a2b-e88ae00bcdcb,5da0abb0-ef1c-4e33-8ac5-42219cc9c786,10.279447,2025-12-02T00:23:45.192546,True
3d7987c0-7d7c-490e-a47c-7f72cda46610,user_21,29.406286,2025-12-02T00:06:09.192546,False
b5a1229c-69a2-4bb8-8bfc-5281e15e6051,a2ba2a1b-44eb-4548-972b-06666718873d,70.114246,2025-12-02T12:52:20.192546,True
d6ae9e22-d977-48db-b54a-9699afeb2b0a,743abb72-2183-4a29-8e8a-f3fec1219917,37.495108,2025-12-02T15:59:42.192546,True
c456f80c-1182-401b-841f-fba651434823,e280e0ad-9918-45fd-a426-a27ebeda24ff,15.226561,2025-12-02T14:31:11.192546,True
51e0fc4c-6006-467b-90e8-f37a0667f293,319874ef-5d57-44d1-93ba-99fb3299e9fa,30.930101,2025-12-02T13:03:19.192546,True
e05c81bc-dc10-4510-b083-3036ca8f8e35,76e158f0-1ecb-4461-9dfd-a0f5857d034b,124.399998,2025-12-02T10:35:46.192546,True
d841effe-acde-4b08-98ff-a7a22844c7b3,75f15175-1006-48fa-83c6-a7264ea44dfc,29.521624,2025-12-01T20:55:11.192546,False
3823dd21-e3b8-4f4c-bd88-9b07b60fe3ed,4a4d9a04-fca4-4e47-ac1f-8fd61dd1d79b,65.045974,2025-12-02T05:06:18.192546,True
d2684d27-5c2f-4df9-8bb0-bb5ced2f2ed5,user_34,187.196695,2025-12-02T13:20:52.192546,False
07d42019-8e80-4cc5-b866-540694512943,1698b344-c35b-4ef0-9458-5471e0b88858,15.996342,2025-12-02T12:57:07.192546,True
931cd797-1373-4994-81ef-d5f883e5cbd1,64b5f3dc-9c84-4bac-ba36-1a2ec2e10c41,49.210263,2025-12-02T06:28:58.192546,True
b74ea29e-a612-4178-bd5c-6d2c91afef58,user_38,127.767329,2025-12-01T20:21:06.192546,True
e0bb6e8c-533a-4f81-86e7-0c61d852e3fd,46328024-9548-48eb-837c-facab99a0ebc,128.517839,2025-12-02T06:02:43.192546,True
e5f203f2-7c4e-46c7-b6b7-72afd5a02cce,user_21,34.252612,2025-12-02T00:35:21.192546,True
923fc89b-7618-47c0-af88-df2c6c083162,68b1c2e9-1765-4a3c-b999-91558b12e2ce,25.576619,2025-12-02T09:53:54.192546,True
aed54bb1-70c1-40d0-a695-7ce3081c40d1,cc6c6794-6a0e-4d5a-93cc-dc3cc4bdd17b,125.286964,2025-12-02T00:59:46.192546,True
e99c5ddd-0f2c-4ff5-b8c8-f584c195ae6b,user_24,70.177421,2025-12-02T06:02:59.192546,True
63df47e6-5730-41f2-a7e8-91aee600f72d,ec403a2c-a8dd-4567-a730-1137bc77b24d,50.790362,2025-12-02T03:06:13.192546,True
e26cebdb-8799-4c6a-b2a2-5c1ba0c41cd4,02398763-9e0a-411b-9912-44e6c044e2ac,8.122298,2025-12-02T00:52:40.192546,False
ae9c28f5-5c11-4596-9dd7-79085e08ca4c,6c0cc162-cec1-47c9-ab54-3d877a527399,11.704267,2025-12-01T21:54:34.192546,True
7f0ee316-e897-4fda-945f-276354662a55,71fe8db4-51a0-4412-9aab-c058a28e86b1,63.306625,2025-12-02T06:56:56.192546,True
0d882ff7-2641-4bda-b7e8-061450b826b0,user_41,177.436351,2025-12-02T03:07:47.192546,True
9b132472-818b-4351-afcc-2d4218cb141b,37eb851e-456a-4c08-8dd5-64690ddbbbea,9.391838,2025-12-02T10:39:44.192546,True
ec1ddd00-1cc9-438c-8600-2e4a5c95ddde,43e320f8-0797-44e9-9e71-1917e7754812,30.425776,2025-12-02T06:36:39.192546,True
184d8613-56ca-4452-86d7-d28a68ac8874,user_41,228.843987,2025-12-02T07:52:13.192546,True
b683266d-a1ac-467f-871d-7f0f70d3622e,user_5,89.577236,2025-12-01T22:35:37.192546,False
7056a023-779a-4b8f-a096-4f1358838490,user_9,58.874467,2025-12-02T04:39:54.192546,True
00019b3d-2a68-4b9f-9b1c-c1bab5614796,user_19,68.496107,2025-12-02T16:18:30.192546,True
83307ca5-b973-4256-be66-173b1fea9b31,2d5b1078-9d48-49ea-8f0a-79329c1b2be5,41.076928,2025-12-01T19:58:57.192546,True
8a46ce0e-0f36-4167-bf57-fc6cfbaff090,e95464bf-70d1-4f65-a3d0-593a9bb7ca27,48.824117,2025-12-02T17:05:25.192546,True
7fc6e80c-8258-4244-a889-c8898ae876df,user_34,127.243357,2025-12-01T23:38:40.192546,True
af97ca1a-33ef-4725-bf09-405eab780d1b,5928aab6-630c-4dce-a3c7-765069e70c3d,57.963917,2025-12-02T02:35:45.192546,False
c6391198-ebbb-4a19-94e4-b84f7722e8be,ffc471e1-e9c8-4954-b2cd-cf2aab393b23,101.479127,2025-12-01T21:37:52.192546,True
aa359f6b-ac9d-4172-a60c-007d171058af,c814d760-42a4-44fa-81b1-25ecf19e51e3,19.852063,2025-12-02T03:48:15.192546,True
53ec178c-cd23-4ae7-972e-ecfa38e1de78,2ea59636-f4a6-4578-8830-6fce20f85f72,43.803145,2025-12-01T22:07:32.192546,False
7f2a5572-f657-4e8d-8073-652a027a9d75,c8249180-8207-46e5-970d-07f16e21169b,51.359073,2025-12-02T04:21:20.192546,True
ece2cc72-8af4-45a4-91d4-e6a3921e9958,695a7453-f316-4845-a4c6-c8454bcc548b,30.19108,2025-12-02T13:06:23.192546,True
aa23be77-2b44-472b-9d1b-4377c65d8267,f0ce5f83-9bec-4e01-b9d5-becd3de2f823,86.774611,2025-12-02T14:35:28.192546,True
21db7ee9-6f0b-4e97-b265-0f4b86f69e85,4a304d51-7873-400a-b518-d3cf9b36dc43,103.395757,2025-12-02T04:29:49.192546,True
ed0ec21e-e31e-47b1-8874-becbbb03e8ae,a5c048db-27a8-4869-98cd-bd5341cd5ec9,14.042693,2025-12-02T16:42:30.192546,True
09e9a038-77cb-4d72-8716-b92ec480a359,4377f1a4-94b3-47db-9951-a3d9a9f9ffae,216.861396,2025-12-02T17:24:03.192546,True
5a0cf755-8553-4100-b6b9-ee7ae3403077,user_8,8.518266,2025-12-02T14:18:50.192546,True
2c8e6955-59cb-42ce-8b3c-d5ddd76ae74e,7836ed7d-1c62-4aa1-b9c6-4ba0aa72e9ce,17.901689,2025-12-02T10:20:06.192546,True
d8a55bdf-b6b3-499b-b96d-e3a2e5fdbf4c,2b7d17ee-e960-47a7-b7b2-221aa49efcf1,116.691353,2025-12-01T18:16:22.192546,True
da44a8b0-6a39-4b9d-82b4-4c8af670157a,user_3,41.945472,2025-12-02T15:11:15.192546,True
7013344a-652e-4ce3-9a5c-526de7db3a08,user_40,24.584756,2025-12-02T09:45:44.192546,True
e4472a00-7cc5-43dc-9de2-28dd047103c5,034a065b-6e43-485d-8941-22d57e23991a,1.667616,2025-12-02T02:16:34.192546,True
81a67898-da4b-4662-b876-256daaf23f6a,c2e82b8d-1981-4ccb-abae-2cf1d986ab2f,8.483903,2025-12-02T17:16:22.192546,False
982350fe-758e-4763-b784-4509e0be2ee9,user_41,19.822082,2025-12-02T02:34:02.192546,True
df64d6d5-a935-4f7f-b678-59702a27d070,a2c416fe-e1b4-4d0b-bab0-d384774e71d3,60.553021,2025-12-01T19:48:26.192546,True
ecd2591e-5cff-4371-b10e-133bb945d755,7e26f0b3-d3ac-4c67-9973-a850fa71d3fa,55.009761,2025-12-02T13:23:14.192546,True
0faffb33-331c-4ec9-bb90-316d5fff3fd0,user_7,115.768789,2025-12-02T09:46:33.192546,True
cad76afa-7b3d-447b-ab10-8e3f9ff282f8,user_33,29.761002,2025-12-02T04:35:09.192546,True
27b14e33-e77a-4ca6-a7b2-2f8854d37459,ba7991e0-c997-48bb-8322-ed73cfd96171,21.885589,2025-12-01T18:35:40.192546,True
e28c3560-7cc9-4e4e-9776-272c1486b8e0,user_8,8.420129,2025-12-02T11:37:06.192546,True
07f01d6f-a25e-4980-bc6c-00b98f00a3be,bd2c2e2b-25a9-40d6-9900-d50298796204,150.209947,2025-12-02T09:14:46.192546,True
d9d7d427-ffac-49cc-b9cc-38d7def0af60,bcb8ba0a-007f-4a87-afde-4cd7d59537e9,48.526958,2025-12-01T22:02:49.192546,True
24a27a72-e1fc-4745-adb2-9c1e17c3e35d,6c4e4023-2576-4cc0-9706-6ba08efd7dd3,58.357996,2025-12-02T10:05:07.192546,True
7efaeb3c-99a2-4c39-87a0-692e579bde3a,a10768ee-ad21-4dc7-9ee6-bbf677c1f6dc,20.511996,2025-12-01T21:29:50.192546,True
64d46de7-4b43-47db-82eb-61bb0c51df6c,f744df13-2fcd-4ba1-96ec-18f2b61136b9,34.227743,2025-12-02T14:26:34.192546,True
08e77356-db36-442e-947a-ac9b7039f963,user_28,16.179479,2025-12-01T22:41:17.192546,True
e13372dc-ff04-4c5c-9f70-84007e535d54,user_21,5.691841,2025-12-02T14:34:10.192546,True
b9758f28-d210-4ca4-8f57-434794b89e36,3af3325d-fe2e-4619-b0de-1a97d3c373b0,15.859797,2025-12-02T15:09:21.192546,False
4cf32ef1-6ac0-44cb-9010-cf832747014c,06ba42c4-afde-4994-97bf-1b531c483a0e,26.884813,2025-12-01T20:54:31.192546,True
ec017693-b835-4181-94f6-2f87b66df4e5,745c2a94-3ae4-4b44-bf28-3959adfddb33,205.049251,2025-12-01T21:29:53.192546,True
55e997ca-25da-425d-9104-56f17b1600ec,user_29,170.930858,2025-12-02T00:57:22.192546,True
c926d9e7-9b52-4489-ae2a-a91ff993226a,user_41,48.51401,2025-12-01T20:48:19.192546,True
7626ab80-0633-4e86-8659-7914affeb1d9,user_25,53.501936,2025-12-02T10:18:19.192546,True
c9917475-a0a9-4756-bce2-25e325827bf7,0dded913-84de-4bac-ad9e-b5b41fee8c95,43.756805,2025-12-02T16:50:40.192546,True
d853ba8e-6fc8-4114-b42e-efa8b9286b9f,user_7,37.830695,2025-12-02T13:13:06.192546,True
c0fda20b-b863-4960-856f-9ba2645a7ea2,35a7ad29-c5d0-4a24-bab9-1749f73d800e,42.083138,2025-12-02T01:55:14.192546,True
01060ca9-c2b5-4293-9e14-781ff550a508,57b98ea4-ed21-4c77-889b-2b83d6bf8155,31.630461,2025-12-01T18:51:55.192546,False
b0804294-13b6-4033-8219-e3170c6d6718,a1c2b66b-39b6-4bfe-8a28-d96b72e66101,22.994196,2025-12-01T22:10:31.192546,False
06e97b16-ffa4-4fa1-af62-6bc07dd955dd,5ea3b979-8c62-40a0-8161-340bcf583bdc,144.939392,2025-12-02T04:40:31.192546,True
bfedc673-ebd5-4eb4-bd2c-950f9318778d,user_32,16.426485,2025-12-02T03:04:22.192546,True
eb7ca018-22f2-4ae6-aeaf-3b87f0f1b7c1,363fad59-164d-41b5-9ff5-1380653fe083,39.350282,2025-12-01T19:12:55.192546,True
1f646ead-c354-4acd-a9e9-1340b9c5a6db,user_2,9.223572,2025-12-02T03:43:03.192546,True
a90a7b3b-a6c6-421e-85e0-9b37ad728718,8dca7534-f17c-4d1a-81e1-c64217aacb60,13.75794,2025-12-02T07:12:00.192546,True
701d344d-fb56-4cda-9499-2f63159cef38,8bb7e57e-88b7-41e0-846e-ef2b0322d973,25.131855,2025-12-02T15:36:28.192546,False
ea130296-c4b8-4891-a5fa-029904e0abc6,user_44,18.924955,2025-12-01T18:49:07.192546,False
98525ce4-ba85-4619-b7f8-db9eb4abd543,user_47,17.426626,2025-12-01T22:00:03.192546,True
457fd902-34bd-4f89-8f87-efd57fbe6883,user_22,17.075883,2025-12-02T13:52:05.192546,False
8529bdc0-3af7-4566-9796-8f0e26149481,user_26,141.824016,2025-12-02T02:55:00.192546,False
2c0aceb4-b2c2-4242-87c4-f348b8764516,716019d8-a34a-4ff2-a9ff-bab63c6f1e4e,55.933373,2025-12-02T02:10:54.192546,True
c27c5b48-aff4-4b4c-9c40-5d3c16cc74a1,user_24,77.488155,2025-12-02T14:08:49.192546,True
ee431d9b-be60-4a97-bbc8-cc007a61e0d0,140fdca6-1aa2-4020-9476-8040ebca4ae2,13.067547,2025-12-02T09:41:45.192546,True
2a4a0daf-ff25-4280-a0f4-ab2b507e5daf,a1ae3c81-93fd-44f2-a8d1-12b316823c7a,9.111578,2025-12-02T06:31:56.192546,True
bfd3fdf6-8789-4681-bfa1-639675c1a2b5,d054f70b-556b-46d8-bcf0-05e31e7f06be,6.214858,2025-12-01T22:24:20.192546,False
796c12dc-b8d0-4905-b4ca-74b8ecaa3cea,5c1330ca-0e8a-44d7-99b0-af7f4bab0e13,2.778794,2025-12-02T14:57:15.192546,True
38624e0a-7cc5-474c-8d18-82524af5df9b,user_47,18.704478,2025-12-02T06:45:39.192546,True
0aa97138-6e56-4e93-a1c9-02afd6d7f43c,user_11,79.330309,2025-12-01T22:05:02.192546,True
cddda08a-6f30-4f2d-bdcb-1ae7f2fcd85e,63dc1bcd-678a-4fc7-a0f1-681b213a17a9,17.537591,2025-12-02T08:28:56.192546,True
81ad1a7f-bce7-44f1-b1fe-62ddb4943bca,c5fc2d13-26c1-46cf-84e4-5cb6e5f1809d,11.879285,2025-12-01T20:14:51.192546,True
fabd58f8-f55c-4a3c-860e-d18e49172416,25d0d5fb-681c-44d5-a87a-7541ecf996cf,52.812996,2025-12-02T00:21:02.192546,True
84970021-b8dd-48ec-996a-a73dc24d5685,e0919b75-8c6a-490a-8935-d60d78bc602e,5.530676,2025-12-01T19:00:45.192546,True
423c7cc5-b4be-4fc6-8d7a-e09ce5a8783b,3cbebd7b-4ab4-4674-b2d2-f60f5c3b8edb,70.569581,2025-12-02T03:29:55.192546,True
236d4e41-1a6a-46fc-be79-eb57a455934f,e36d8390-8fdc-43c9-bb6d-aa55462ab57c,1.517581,2025-12-02T11:03:22.192546,True
f7860d47-fecf-4733-b9b4-d3c35774450f,7126dc9d-0ed7-4a9c-8631-fc362277ff9e,75.494124,2025-12-02T17:02:39.192546,True
d504bbb6-05e0-47f9-914c-b7056bb9f10b,1403401f-9a73-4aa2-9416-d503b62846da,29.631627,2025-12-02T12:09:55.192546,True
20686fc3-5468-4ce5-a9f6-834d918c14ed,14aaef3c-4ab0-47b0-b049-299f0dd335f2,8.558162,2025-12-01T22:54:38.192546,False
dfaf4f99-07e3-4a55-a24d-681ba108f919,17b1257a-0b43-43ce-9ec1-b6805566d9c2,19.469627,2025-12-02T04:19:34.192546,False
0a8c0b82-77e7-4e17-ad06-7ad5dd9887cb,6398add0-8002-408c-afad-7d2f1876669a,68.648386,2025-12-02T04:53:58.192546,True
62e10725-fef9-4486-8b40-27a643905528,9d7967ac-4670-4c56-aaa7-55e2ab80dd2c,73.079048,2025-12-01T21:14:47.192546,False
426e0026-ea74-4b5e-9ecf-c72e54112da3,00175fa6-ec81-426e-bd56-071f7a12889f,11.874478,2025-12-02T15:22:46.192546,True
d4bd8937-401d-49ab-97f7-ee50f9871d25,user_19,67.291155,2025-12-01T18:44:38.192546,True
4cb9a536-8ea6-4d72-8538-a3b756a4cfd1,user_44,90.064111,2025-12-01T23:52:21.192546,True
378988aa-5fa0-4a0f-ae48-c414bd2a8df2,user_5,23.058916,2025-12-02T10:59:57.192546,True
e6e0c812-648d-41b5-817e-69eb23fa1539,user_7,31.944895,2025-12-02T15:23:15.192546,False
519859dd-9890-4215-bdc1-e06f6e28a2f1,9add29d4-7e0d-4c98-9a14-449716ae9990,133.703355,2025-12-01T21:32:47.192546,False
1f860fb5-b77c-4bdb-9069-173055fbc0f2,0bc266bd-de4d-4f35-ade0-5d9a47a5913a,142.347727,2025-12-02T04:00:07.192546,True
732c8e95-3776-44c6-9a2a-6cfa0233648e,a0489fc1-ba2e-47e5-8bbc-5409ede7280d,6.753828,2025-12-02T02:08:36.192546,True
4fa93699-af0b-4a3f-9a63-621f2ed79b1e,ea670fd1-40b6-4c90-8ed9-1273a5cde6f7,8.09518,2025-12-02T09:17:08.192546,True
f41ede37-17cb-481b-99e3-1a0e0f53a674,482f407a-29d9-4e18-b996-fe7b658fc4da,26.876979,2025-12-02T02:11:28.192546,True
13dead15-7ef8-4e4d-85e3-db1f9a30bfa4,1f21dfab-ab65-4b67-bdec-c8b24aabba6b,56.305562,2025-12-01T22:22:13.192546,True
02c83a02-6060-4fc0-82ac-219f487c1fae,4d845734-512a-4d40-b5a8-e5bd88634b90,60.997322,2025-12-02T00:46:16.192546,True
be24e4cb-7b8c-4917-94b4-38f478cbe11b,user_29,143.24871,2025-12-02T03:21:54.192546,True
a3071386-1330-46e6-b1c3-2c879a367562,ea32d864-f589-4d1a-8720-5bff6ef498ab,21.098319,2025-12-02T08:15:37.192546,True
a6de887e-dcc8-49d9-94eb-bf6b60242b3d,user_4,5.585853,2025-12-01T23:21:23.192546,True
1909a228-f884-4b79-8d3c-d3c8e9c0268a,user_23,49.433057,2025-12-02T17:26:57.192546,True
6a144d4c-1a6f-4739-81f0-7be22e462416,user_26,40.434092,2025-12-01T20:59:21.192546,True
b48050d9-4544-4668-bc1b-91cc8a8c820c,2d1de35a-8cfa-4632-931a-e65e9b243df6,40.676378,2025-12-02T13:59:30.192546,True
3cdad5c4-cc07-4115-a868-663500c8527b,1a223731-aa78-485c-8245-dbd16e3ae7c9,55.703277,2025-12-01T23:21:37.192546,True
2f3fe36b-3d49-4e48-970f-dfcbb91267f8,770373fc-b7f9-4255-a6e9-f804795c0881,29.18024,2025-12-02T09:49:13.192546,True
5b6854b0-c06b-446c-814f-fc9e5d68a0d2,85cf39e9-2c3c-4d35-8523-874542ed9f84,45.749107,2025-12-02T01:40:36.192546,True
b5eb2f85-d36c-41d1-b5f3-e19a3feab343,user_40,86.667961,2025-12-02T15:11:10.192546,False
b4aef838-655a-4bc4-aa42-8eee21f572c5,91bb636c-145c-434d-879c-58f6f7aac0c1,7.020448,2025-12-02T10:47:04.192546,False
d239f790-1323-4d4e-9902-235e58f8893a,ff474fc2-1f01-4d39-952d-156ba16c86bf,62.427576,2025-12-02T07:31:43.192546,True
8468ea53-16d5-43ae-ae36-60871dc5b606,user_13,1.208029,2025-12-02T06:56:01.192546,True
8ce92165-c113-43d7-894f-dc2033dde674,f02ff97a-a8a5-448a-8d38-ca0a963ea91c,38.191912,2025-12-02T07:12:39.192546,True
87c9a2a8-9b66-48e2-85db-b15439722446,user_37,24.601404,2025-12-02T09:47:58.192546,False
1257d720-b5e9-4398-98e6-63cc55bd70c1,bc8e221f-05a2-4055-aa7a-ee11cf146c6a,62.609772,2025-12-01T22:08:05.192546,True
387f1cb1-3d8e-428d-aefc-9100b9f0e4f9,4c32c4f2-59ea-4318-ad92-a25a2ae5a37c,24.307842,2025-12-01T23:16:01.192546,True
7069b5d0-2a14-48f2-be36-4c8453d4b83d,97d0676b-b097-4c42-b75d-7968141ffa10,35.461185,2025-12-01T21:04:09.192546,False
205a5344-5fcb-45a3-afeb-aaee86ab8d88,0f7385c3-482c-49e0-883d-3404957879ec,5.110319,2025-12-02T14:33:47.192546,True
17fb59e2-8da0-4aed-a61c-1a1ad52e9deb,user_13,34.548704,2025-12-02T04:56:20.192546,True
14dcac08-5fb2-4c38-aa06-bcb0e93fdd62,639af76f-96f9-45f5-8229-9e9e179bb103,1.099505,2025-12-02T13:41:23.192546,False
b7a45994-2b82-4889-9f77-7bda4e9c785c,3a16550a-9ccf-4bc6-b288-9f07c4f11d49,85.784409,2025-12-02T02:21:15.192546,True
99a80545-1e59-4067-b5c5-54cf3581655c,8b02fd18-b897-4a3e-974b-19bc7cad8180,78.883524,2025-12-02T17:12:07.192546,True
a3c7be95-ebca-46a0-b79d-782ece6d8354,ceb07168-830d-43fa-866a-5b0f260dca9b,27.424088,2025-12-02T08:10:56.192546,True
f2173590-0f1e-43aa-8c50-8ae33a083006,ff564eab-aac5-4507-b90e-06603d811dd7,6.895028,2025-12-02T14:12:55.192546,True
05de227c-0cb3-4787-8088-227976e7e891,user_37,20.605495,2025-12-02T14:21:47.192546,True
495645f7-ce11-4cfc-b2e8-f460e08b166a,0e4d7dbb-31f9-4d64-a6c7-adc0068695e7,22.117439,2025-12-02T08:34:00.192546,False
a9396184-659d-449e-b96e-d027893f0b4f,user_1,17.608674,2025-12-02T05:06:50.192546,True
d467d905-7fe3-46cb-b642-ec094b6ce4c3,19b64a64-7bd4-4889-b654-435874afcac3,31.945972,2025-12-02T14:36:33.192546,False
20f2b247-003c-41a3-bfa9-234bc9e95799,user_46,6.236553,2025-12-02T08:11:06.192546,True
c8e4b6a8-5531-41ad-9e7b-ad42f50d9d01,b5f4df3e-d6a9-4455-8ee5-7370f866dea1,18.172217,2025-12-02T08:53:06.192546,True
670050af-feab-435a-b03d-ec78f4538554,1a1398b5-2107-47d5-aa77-ff74e2129e1f,114.777875,2025-12-02T13:13:54.192546,True
033723cd-65f8-4a7c-8cda-cab8111c3748,690203b5-55a2-4aad-9b6c-63f16d3f855b,10.664865,2025-12-02T01:25:53.192546,True
83f20e8c-9ef4-4039-8e0b-2e472dcc71fd,aa11f585-fbce-497d-8799-05f1701c6136,61.663738,2025-12-02T17:01:08.192546,True
4c9e0dd9-2e5c-4cb2-8eea-3409aff1523e,61e4f2db-6cab-49dc-8211-2fbfbe9a1d47,18.092581,2025-12-02T02:53:48.192546,True
82755661-047f-4973-8fee-bd4639940198,3288d9cf-0329-48e5-b76b-0578968e9d9c,44.59549,2025-12-02T05:09:21.192546,False
4dc8bc0f-9ef4-4b67-907f-c6376e99735a,7f8df312-5c5a-4ce5-9bfd-8e00fad3d0c1,110.534059,2025-12-01T21:26:38.192546,True
c80c20d3-ab6d-488a-95b5-87554e0799bf,user_17,46.53205,2025-12-02T17:14:18.192546,True
828be793-9326-4e7a-bc03-91b356c0db9c,c9a97312-c35f-49cd-be0b-ec7d3547b594,74.850366,2025-12-02T01:26:14.192546,True
1b38dcaf-2d3e-4f27-b84d-4ee12ccd4db9,user_1,69.311816,2025-12-01T23:58:37.192546,True
83ab4b66-c920-4f37-b1c3-28a400655dfb,fb1ff074-c3ba-4cb1-8010-45853cc023da,36.563477,2025-12-02T11:26:02.192546,True
21ff87a4-53b0-41af-a0c1-183308a92c70,40e2e546-c12f-4fba-9679-3b22f4d490b3,63.507192,2025-12-01T19:29:23.192546,True
4be8faae-2c86-44cd-ab45-096bafbb460d,b6fe6195-a6d2-42c8-94a8-1ff7c35ce245,17.636952,2025-12-01T19:20:42.192546,True
21417e4e-8956-47ef-9abb-f31dab765594,c906c4da-7003-4414-b2a1-681a582cf1c2,108.778277,2025-12-01T19:47:37.192546,True
65977784-3233-44c7-a6c9-f70f02870809,user_2,35.330871,2025-12-02T08:09:56.192546,True
bd635fdb-3324-4367-aa4d-95f67fbf3f8f,8a41576e-9fcb-40d5-bc84-d73ef8926c46,197.415137,2025-12-02T01:43:56.192546,True
5fa81a3c-cb5c-4226-8087-675b74c9377f,a945a67a-4359-41d0-be5d-cca7850e932f,134.120317,2025-12-02T03:18:45.192546,True
217eba37-9efe-41e3-bd8a-197205c8c050,ea48a214-93e0-492a-8363-42161300959c,28.244395,2025-12-02T05:26:31.192546,False
b4b0bfb6-4463-4926-80d8-20afcc730e00,user_23,140.685068,2025-12-02T07:28:12.192546,False
d48abf8e-6c3d-464b-9380-6811634a6d53,a8899d9c-f8b1-40f9-a0d7-c2567798db25,14.545268,2025-12-02T03:33:32.192546,False
73821dd7-28e3-43de-b0cc-097b1f053bb7,user_17,26.66601,2025-12-02T02:34:47.192546,False
17b9bc6d-0cdb-4cf8-8129-5d083180bca8,f300f4b9-da27-41f1-99aa-589751bb3d89,65.468785,2025-12-02T00:07:20.192546,True
5aad8651-79ea-4741-bfa0-48c2b04fba0c,4a2b71cf-2123-400d-8edc-922d56a40501,47.141092,2025-12-02T07:03:18.192546,True
2b28a952-e069-4e5e-a28d-5541d10bd049,e2b40a9e-55b2-44ce-aeea-a887ea503757,14.083083,2025-12-02T02:52:33.192546,True
a5142fb8-9867-4e5a-aa30-c0f1c50f879f,b4030b83-6687-4875-9f8d-444b3bd71434,7.444397,2025-12-02T11:57:42.192546,False
3841e611-a325-43b0-827f-851689b04d5a,2e246b89-7649-4be6-8a3f-6d82e9942e3b,52.496975,2025-12-02T01:11:14.192546,True
1bf9df28-56e9-4702-aadb-c966c9fa5b68,6b8e0612-64c8-4488-a63a-bb6f877150d6,119.566946,2025-12-01T20:46:09.192546,False
c91e69c4-defd-42e5-a50a-f5db4af1a52d,user_3,49.209639,2025-12-02T07:38:09.192546,True
727a690e-8f5e-481a-903d-f262033cf2ef,18b6773b-d828-4b91-8c0f-60c453ea21f7,49.018131,2025-12-02T03:36:09.192546,False
7679b819-2abb-4750-893b-d2fb8e7a6a9b,cf51cfd1-6c08-41df-8c14-6318fd2af635,84.808771,2025-12-02T00:11:17.192546,True
fa0a1ad1-0371-4aa9-92c2-4fedaef37b79,6ff791b4-7a3d-4bc7-b1ab-a0f3d0830ac5,61.291535,2025-12-02T17:42:42.192546,True
c5b9daa7-1149-49ef-bcfa-f4fcfdde59af,6ec4eeaa-8cc2-440a-a338-da2ce9e52298,50.876197,2025-12-02T03:13:11.192546,True
5a114963-51e1-4e88-9766-0dab919363ab,user_25,96.524726,2025-12-02T15:16:39.192546,True
f11d8132-fe90-4a30-943e-ef2df163ede7,d8bf3ca0-97ef-43fe-a146-5602788d88d6,61.158502,2025-12-02T12:50:25.192546,True
b4798c29-c5ed-4678-99a6-7dd4735be8c1,93282fdb-a96a-4884-bb06-1d93940eb724,28.6279,2025-12-02T02:10:05.192546,True
b7b083f1-946f-4716-902c-c550278d00ab,user_25,6.992927,2025-12-01T19:58:02.192546,True
c5f266ac-a510-4be1-bc61-936742a926af,de6b7c2b-897a-40e6-8696-5d941646d785,73.978214,2025-12-01T18:58:58.192546,True
21518b66-d590-4ce3-99e8-685721978bd7,e1a4c6b5-6228-4697-83bc-2929315b9c7e,29.573043,2025-12-01T20:09:16.192546,True
55b87993-5fe9-46e3-9bad-a1bbae6aa758,4533c498-8e7e-47fd-aab9-0fdace820d20,160.50064,2025-12-02T12:16:54.192546,True
e1f354e0-c48e-438f-a81e-f0efbd69c2d4,01c5207f-871b-4556-b0dd-331b7cdaf4ea,74.961976,2025-12-01T22:17:26.192546,True
9fea4786-babf-4664-90d3-fe4a814ac0b6,a4da9acd-93f7-438e-85a6-91b21121c57f,130.338393,2025-12-02T08:13:32.192546,True
46127f2a-32f9-451a-a5b9-7949b1c73c66,01d96f58-7c9e-43b2-876d-de044533171d,34.059819,2025-12-02T04:11:29.192546,False
113b1eda-5d13-4c5a-b1ab-6fd6b9f845dc,user_22,44.68704,2025-12-02T05:47:43.192546,False
d40d6101-8a24-4f9e-bdb8-f5405428965d,b63b1222-1fef-4136-9bb7-1aeded077e82,111.454962,2025-12-01T22:40:53.192546,True
c86e4658-4321-4331-88a5-eae14ae8174a,user_5,8.366406,2025-12-02T05:51:40.192546,True
04f7242f-2d2e-416f-9b87-0394df42e399,user_5,101.404211,2025-12-02T15:20:17.192546,True
b42df9f7-c366-4908-9e06-3588b3e692a3,97ce2e1a-c7a9-48c5-b134-b7ff364f34ec,6.715581,2025-12-02T02:28:25.192546,True
e83527b3-b700-47bc-9e50-691e0819549a,user_9,9.7862,2025-12-01T18:45:33.192546,False
71aa1b47-7730-49c9-8aad-adb7b095a7b2,24411f48-2a0f-4855-a5f2-3deff2aabae7,88.257194,2025-12-02T04:21:46.192546,True
ef227845-4371-463e-bb54-0732780821f5,a4d3f0cd-c318-48b6-99ee-a32110488882,49.504631,2025-12-02T08:11:43.192546,True
efeba4cf-7885-4287-b5c9-8123c69123a7,1572a2f8-08ba-4b02-9aed-c077f8aa298b,49.26002,2025-12-02T14:27:02.192546,False
35296dfe-b8bc-48dd-b757-a34d96e90dbb,72dec7ff-4a66-41f9-aa80-609a373f84ad,44.101722,2025-12-02T13:22:58.192546,True
16798236-d39d-49ac-8aff-b2c4ecdca451,da9c7418-c8f5-4e0b-aac3-284f1a0f7f61,11.682916,2025-12-02T12:48:21.192546,True
af814b30-bb7e-41ca-90c1-f6a77d7caea2,79e7fe9b-f77c-48d0-9d48-2a487f997c1b,14.753453,2025-12-02T03:45:32.192546,True
b4a44238-f2a8-4368-9be2-8d5969ddfaa5,user_2,59.177963,2025-12-01T23:11:10.192546,True
27af5fc6-5507-44b6-9fbc-b89e833a8744,569dc664-eef4-4519-a460-bdc8f9e62e15,1.210524,2025-12-01T22:14:15.192546,False
a08278fe-b19c-4ce0-baac-eb6bb412db82,4cf14e5a-7043-4648-a9ab-597a8e9f1057,49.745812,2025-12-02T13:52:58.192546,True
9aeac159-68af-40c8-92fc-6aed3787da62,user_8,219.12303,2025-12-02T07:09:55.192546,True
850c3fe8-7acb-4b9e-9f14-2a851c119343,d462771e-bc1d-43ea-8c1f-8412f89d32b3,7.959498,2025-12-02T03:59:03.192546,False
729b4840-23fa-48dc-b278-6cf631ebda66,user_31,83.623494,2025-12-02T01:11:50.192546,True
0fd0e836-f6db-4952-9b57-1ab9e993b228,b370bf4a-3861-451d-9795-d35e5cbfb9bc,43.607446,2025-12-02T16:48:59.192546,True
a3a4cac8-85a8-4e4d-b220-1ab297263d13,181c6a48-86c7-4b3b-9aac-760a2b2c7046,75.83769,2025-12-01T21:40:22.192546,False
4326d1d4-c9d0-4c0f-8b5a-a9cd80e827a6,2af9599f-f321-4428-b5bc-890be52f8830,102.530756,2025-12-02T12:39:44.192546,True
f631a631-e3ed-4969-83fa-22cfdde885c8,6f4934c7-36ca-4968-b366-d0bc301cdd97,86.917699,2025-12-02T15:14:33.192546,True
41eef40a-08d0-469e-ad71-c2dae4a432ed,3527259a-e1e0-4c07-a5de-ae8d8ecd6dca,7.619024,2025-12-01T18:39:55.192546,True
4f16173b-0706-4f22-80ca-fd469aa1d836,user_47,59.575608,2025-12-02T09:43:55.192546,True
2ef17216-077e-4b9b-86b5-3952792f2f2c,c975c940-e9c1-40dc-9a6b-5ea785584c56,18.299377,2025-12-01T18:03:12.192546,True
081b9a1a-ff03-4fd1-8665-49d202e08175,user_37,149.674634,2025-12-02T04:47:18.192546,True
a2145fde-46e8-4551-9e48-710d8d4cdf19,8a43dc9a-ed5c-4aff-9e07-a46912761c40,23.168258,2025-12-02T09:17:10.192546,True
24785cd4-2e6d-486a-88e7-3cb358b13b74,2153bdde-c260-4bb9-bee2-5d9af9832210,34.336444,2025-12-02T16:23:03.192546,True
6d25115d-1bef-4005-98e5-46ed2d335a4e,796791c2-57e9-447f-aa0d-ad364a58ba82,20.426019,2025-12-02T15:46:43.192546,True
cd2334a2-6e5d-4728-bb4e-a25dbea380d9,440fb462-9883-4850-aa19-ff3229cfc916,4.427161,2025-12-02T07:58:07.192546,True
9b6889b5-0852-47da-ba9e-a59cc9da48e4,bba85af6-b055-4fe4-a423-db3fe4e67eba,5.888603,2025-12-01T23:07:35.192546,False
39ac2939-52a1-4d48-9d9f-d61e7e0a9cd4,2bf26e76-17db-42f2-810c-7f099fbe42ac,27.724654,2025-12-02T09:02:22.192546,True
2efe8402-bc12-491d-814b-484df663e190,e2aff7ec-7231-481b-8a7b-d0f88a9ec15c,7.887278,2025-12-02T02:41:56.192546,True
7e78ff0b-9327-4fdc-ac03-eeca8e85b58b,57c32fe7-c713-48f9-8001-f5b176c017cd,187.733072,2025-12-02T06:19:26.192546,True
215fe697-9c2b-4222-a43f-1052fca59ba8,33e313de-d312-43c3-b632-043a15def562,74.410984,2025-12-01T20:37:20.192546,True
2e8434ca-7c08-465b-bdcc-9314f2f6773f,af36a32d-461a-464d-955d-19d60a080ce5,236.367033,2025-12-02T13:55:58.192546,True
5ae9efb1-9ba4-44f7-884c-3c0e7b0d6ef6,user_40,86.18596,2025-12-02T01:00:35.192546,False
19fd6ae9-8a2a-4865-a517-f05477717fc0,user_13,34.304088,2025-12-02T01:44:59.192546,True
3dff3700-7575-405c-a40f-7e8a596fe862,f18e07c8-2689-4369-baa4-e3e2aa0141ba,48.872837,2025-12-02T15:25:16.192546,True
913a0e77-4fb7-4ee0-9544-6f69c21b0e64,414d6615-17cb-4c01-b148-3161337b9b9f,55.646147,2025-12-02T08:33:09.192546,False
61c6cb08-c5d4-4f03-89c7-88a43fb654b8,9c3c134c-6461-417a-8355-2d24f745ff40,11.297756,2025-12-02T14:21:31.192546,True
c1ea6301-2fd1-4a42-bf1e-03b248106db3,249a310d-76ca-48c0-9306-79d316aba742,18.84837,2025-12-02T09:38:17.192546,True
1b55ad0b-9a02-47f9-be51-bc10cd35e67a,fa979085-3388-4f1a-8533-2f9dc3ef0a00,130.31408,2025-12-02T08:40:28.192546,False
3f861f6f-dc8b-416f-82c3-8e110e9e6bb4,daa89b53-df0d-412d-9787-79e327b5c0a0,70.423548,2025-12-02T03:23:57.192546,True
e4e21797-1ab9-432d-9331-7853d53814f2,e667a402-817f-4e2e-bfd5-c4726ea037ec,2.175854,2025-12-02T09:29:26.192546,True
52309b58-033a-4f84-8949-d203ad6e4c51,cafe1955-d2f2-4275-ab94-2602363e611c,22.776628,2025-12-02T15:04:00.192546,True
1236bd3b-6fa8-4ace-a232-ae2fea84ebc1,d71eec66-3926-492f-b089-c25c253c7664,86.99862,2025-12-02T03:58:04.192546,False
ad39e931-ffa7-4835-b21b-228bdc1b04ac,5a83bbd0-e020-4f86-8852-a6ffd52e4f69,52.005621,2025-12-02T15:50:25.192546,True
bd8785e8-e045-40cc-94e6-8a24a3342c53,user_39,2.936847,2025-12-02T11:52:51.192546,False
183fefff-a491-4557-b52a-3712c0e5f7a9,0c451446-ebba-46ed-9530-d54c6e3faa69,69.411679,2025-12-02T15:00:25.192546,True
cabf311a-9900-49c0-9696-1ddb06144d79,user_33,120.596539,2025-12-02T07:46:10.192546,True
2d8cf966-7a0d-45f1-bb1a-c7defba520ea,user_27,46.994229,2025-12-02T03:48:55.192546,True
08682351-229e-458a-8f17-49df9f906a59,bb37c17e-4195-46f2-8014-a32a10da0ab3,44.186469,2025-12-01T22:04:38.192546,False
a04be370-eb65-4d64-855b-a4c701b2dbe4,f4ece8e5-f90a-4c84-b278-20c735fb78df,106.865853,2025-12-02T14:42:28.192546,True
65a7b62a-6259-4df2-beb0-9487c4f042ca,user_34,16.63965,2025-12-02T03:22:48.192546,True
e74dd339-611f-43a3-bae1-be207a30f44b,8f663033-e3e2-4c6b-9a55-18cceded8ab8,27.151288,2025-12-02T04:18:42.192546,True
4acb51f2-886a-42e4-a1d7-ffa349023f91,user_26,56.743982,2025-12-01T22:13:19.192546,True
eafbacc9-67c7-4adb-9150-814ebcff02b7,f9d2bdd2-8fea-45ca-a474-a5b83b8878e5,21.117248,2025-12-02T07:44:41.192546,False
afd83449-e5a3-475b-a32c-f3a99870ace7,d55e4cc8-28ed-4d4d-8e0d-5bd333bfec17,46.175435,2025-12-02T08:17:11.192546,True
cab65755-b5a9-45e7-b13f-079c9b115d24,user_29,13.095509,2025-12-01T23:35:32.192546,True
b96feaa9-7a2a-4369-9167-17022fa0ce95,2dcf3f55-b044-4ce3-a8e4-1bdc2e3799f4,78.036804,2025-12-01T17:59:48.192546,True
32cc2eeb-ec60-4772-bb86-6da04e42ec23,d4f45a75-ae2a-4b04-9dca-1a81b61b33b2,110.677853,2025-12-01T20:49:29.192546,True
2f44ea56-ab26-4ad9-960a-8051c2225ad0,8ba6bb8e-7227-4bf1-82d6-0501310d9845,110.768666,2025-12-02T02:17:08.192546,True
cd934b54-d232-4e60-ab66-917c77b7f81b,user_6,92.193829,2025-12-02T09:44:02.192546,True
87f5f8d3-1ad7-4e03-bbb3-fbf36408b4a2,user_49,90.705593,2025-12-01T19:11:17.192546,True
78d6b489-ef58-4db1-8b84-71438597ed6a,user_3,4.930473,2025-12-02T08:06:58.192546,True
d5f5213d-2522-4902-af1b-51de02d4b391,6ccff206-ac05-4a02-b84c-8c9fa53dcb7d,6.758733,2025-12-02T13:19:16.192546,True
58a5da67-1434-48ae-b881-9fb2b24aa120,8a02fb67-a2f1-48b2-a352-dfba85e0b2cf,121.894443,2025-12-01T22:17:33.192546,True
2d39874e-5a6a-40c0-b7a7-13f5a48c7f14,user_34,3.818783,2025-12-01T19:05:49.192546,True
1475c641-c8b2-486f-9395-0e69c29d6897,d62f1804-ff74-42f1-8ce2-e0d2840d4b0a,2.417835,2025-12-02T08:29:08.192546,True
2a49668e-ff0e-428d-9da2-029710af120c,1a6e4c98-245a-4747-8fc1-abfef40dc7a5,100.350026,2025-12-02T03:07:04.192546,True
c7844b00-d5a1-4124-887f-1ed6396f75a3,5f9f2909-71f1-48cd-be5b-f857618193f7,27.603865,2025-12-02T16:01:35.192546,True
6fece3db-997e-4c0e-94ed-d70c89194540,dda1830f-4918-4d56-b9d1-0a87699c6451,35.717779,2025-12-02T07:19:42.192546,True
f4b43292-c158-481e-a619-2ce4c844e13d,e2b6f99f-86c3-4b0e-9dc2-559f260e85a4,135.518716,2025-12-02T06:42:09.192546,True
98179246-d4c7-4948-b217-6bd1e0502306,3daa089c-6863-45b5-91cb-5da77e43e7f6,2.293262,2025-12-02T05:23:39.192546,False
1af544e2-ff5b-4e87-a880-6ad0546ed88c,ee5bea9d-4408-4ff6-a6bd-c7878e0efe5d,81.626339,2025-12-02T10:01:23.192546,True
85e0998e-891d-45ad-9bf9-a0330c13d43e,user_16,145.899686,2025-12-01T22:02:44.192546,True
74939a88-c628-4f96-98f3-825ec66f33a4,user_39,14.98663,2025-12-02T04:41:34.192546,True
1c36c971-657b-48d8-8de0-e08ff8b2b2e1,ca6aa54b-98ae-4bc4-9d12-09394b44f2f2,22.960359,2025-12-02T08:16:23.192546,True
4dd400a6-c747-4ac5-8697-673b4eb07e0f,de41ca4e-4ca3-48b2-926c-cfdeed861bc9,16.466288,2025-12-02T17:21:57.192546,True
b74fa1a7-c19f-43b9-8226-8f6b00a4ec9c,user_21,17.80592,2025-12-02T17:22:06.192546,True
c0ed6723-d550-4a55-b1c9-9d0ca3072a18,user_7,23.817461,2025-12-02T15:43:40.192546,True
b64108a3-1095-4afc-95e8-0499d28bcaf6,4b804c7c-caf1-4e85-9832-ed3c114dcf9e,99.658185,2025-12-02T10:56:28.192546,True
383412bd-3c09-4d5b-81ba-9a8e3d826726,3ccb01f1-cd95-46e2-8901-6c3d826fd7ea,80.08668,2025-12-01T21:55:36.192546,True
75498c80-2f64-4ace-9192-ea37791a9239,b3afb81f-fbf3-4f29-b3f8-f91ec19cf0e1,4.656972,2025-12-02T05:23:16.192546,False
7888de15-356e-48a1-94df-ee4dc45a80d3,7e9d5750-5a5c-4253-9a9d-d7cb748eab7b,76.381404,2025-12-02T10:40:02.192546,False
ceeb89fc-192b-447e-a487-89886f702b10,fb528a15-3505-481b-9695-94bea2c3c89b,35.708297,2025-12-02T01:36:16.192546,False
12bdcfae-2230-4ec3-998c-2df058b08a02,user_47,0.381794,2025-12-02T07:09:54.192546,True
674ddd5b-81ad-44b4-a2b8-541019f31e13,46efdd55-4bcb-4e73-8518-b326bb20e163,22.239093,2025-12-01T23:07:00.192546,True
ac67068d-7806-4e73-aa3e-702a9727b90e,user_44,1.329153,2025-12-02T06:32:16.192546,True
f32aecd5-b103-423d-bf25-5951eebf1709,29df7867-45a7-4783-b8f0-0bc2b04a8567,45.781046,2025-12-02T00:20:06.192546,True
1b090be3-e322-435c-9754-6db37e1395aa,user_40,78.053298,2025-12-02T08:11:22.192546,False
22161104-5c8e-4676-977a-024cff255b5a,20939d6f-e750-49fa-a223-add7dbd2f628,2.058411,2025-12-02T03:34:12.192546,True
ad1eb54e-7811-42c7-9a33-7c8d666f9822,user_9,95.833349,2025-12-02T03:41:12.192546,True
6f7aa5d3-64ab-4ee3-bc00-b8c094e4f0d2,1e8a8ae2-0dbb-4c8b-b60f-8dbed287e0a3,3.279452,2025-12-02T05:12:35.192546,False
4057966f-a4a0-4123-9738-788203f43ea7,54adca8f-1b6d-4e04-ac92-099c31afdb9e,9.11934,2025-12-01T19:32:04.192546,True
d48bd1b8-83e6-469a-8d2a-a54c9e889217,user_49,18.910947,2025-12-02T08:03:15.192546,True
631d16e0-a051-4da8-b93f-86705ddc96ad,user_25,84.932472,2025-12-02T13:38:11.192546,True
a9020a6a-7624-424f-96a0-f90a29f4e689,user_9,23.144055,2025-12-02T15:51:17.192546,True
2069550a-2604-4018-8b87-bc3adbbf3652,user_11,114.079118,2025-12-02T17:20:39.192546,False
86e8f6d1-693e-440e-98a1-c7df686e38cb,86c381e1-c9c0-4a7b-b3b3-0712c55bf1e6,44.00313,2025-12-02T15:03:19.192546,True
78b81140-44f2-4604-9e9f-90ea1fdf943a,7c25ffb6-3873-44ff-89e1-4e69dd618de7,13.376093,2025-12-01T23:11:08.192546,True
7ffc5da5-efc0-4cdd-b48d-3ee406c088b5,9db6eecf-3e6d-4168-a51f-abd69e869a2a,14.309533,2025-12-02T12:41:21.192546,True
0f6830b7-2d69-4442-8dc9-732d588c0d2e,6ec757ce-36f6-4a7a-bbbf-b3d6dbe64631,33.273735,2025-12-01T20:24:42.192546,False
f9453a4b-e643-435b-a2af-3fbbb5569cc6,3e9531cd-a64f-477c-8eec-1dfccbebad12,58.130711,2025-12-01T18:13:07.192546,True
353c03a2-6818-475c-aff2-37427f0c1372,user_24,0.18716,2025-12-01T19:27:27.192546,False
4429e5b1-1c16-4d00-b7ad-70de29bf2547,user_18,1.133503,2025-12-02T15:44:57.192546,False
daed8d37-04af-4581-ace3-180a388dbc9a,c5d9efe5-131e-4866-9238-d651403ec53c,61.265064,2025-12-02T10:50:01.192546,True
8634fd54-5e02-45f7-a9bb-6660aa87a9e3,a529fb2a-2607-4777-961a-9c116c48c22f,3.606586,2025-12-02T13:27:17.192546,True
eb4a9f27-ce8c-4761-9a3d-991e24b2d684,user_3,0.506427,2025-12-02T01:33:08.192546,True
bb74e25a-2586-4d50-88ac-0facabe1cbb1,61524237-f74f-4e5d-bf83-4b9bfc3dab54,9.594921,2025-12-02T17:49:52.192546,True
fdc9ffb3-5a2f-45e6-b9c4-7e37b4b1f8da,88d82d32-d413-4484-a76d-7a0305e57e11,30.27026,2025-12-01T22:18:22.192546,False
a1782cc5-2704-451c-8f0f-2a02dbe9d7f3,user_25,61.268514,2025-12-02T08:14:45.192546,True
5b13ecb2-9190-476e-bdd0-f05dc0304319,3543d229-715e-48c5-887c-759ff7545b21,170.650059,2025-12-01T20:41:47.192546,True
b66b57a2-b6e9-4db5-aab2-4474ef23db61,bc80a363-7b89-4b7c-85ae-63b14c48d334,6.292934,2025-12-02T11:09:30.192546,True
e9108acc-a6af-4d32-b5b8-3e7083b4226c,db882a35-3548-4012-a91a-7486f4d1c92f,3.824196,2025-12-01T23:51:30.192546,True
f2b11e7f-f587-4ae4-8dc6-73c9f154927d,af456b1f-1040-4414-a69d-a259c54d4d3a,166.845722,2025-12-02T01:06:12.192546,False
dd575d98-f625-42af-ba17-2711501b2959,c12ce478-bb31-40e0-b243-069d6c5a09ac,162.21798,2025-12-02T04:50:44.192546,True
e5a4193c-0fb4-4ba7-860c-774719469157,18609545-5554-46c2-9fdc-0c3491696b1f,17.390811,2025-12-02T10:09:24.192546,True
f07b579e-edc6-4cdc-994c-893bbbe02e01,user_9,53.999448,2025-12-02T02:48:52.192546,False
7125ca47-97b4-45b3-a66f-815b40ef7dd1,user_18,16.820211,2025-12-02T13:25:39.192546,True
b8d8af16-40ff-4134-a15a-04859e1177f6,42a1b6ff-2e14-4a65-af1d-caecdf5f854a,11.739651,2025-12-02T12:01:48.192546,True
715abfa6-5dcd-4e1a-b1ed-28be774bfd80,9d0e5cb9-1c8b-4c21-b558-e89675e6403a,158.190015,2025-12-02T17:14:10.192546,True
a997ad1e-3bcf-437e-aabd-4f3b0daecddd,ccdd67bf-4620-41e7-8df1-9e68c889531a,39.340772,2025-12-02T06:14:56.192546,True
bee610e5-c256-4ebb-99de-ad2df63e4588,user_37,12.55761,2025-12-02T02:34:52.192546,True
d98958cf-878c-40fe-92d5-0f5803252e86,user_42,9.384559,2025-12-02T05:43:33.192546,True
67536d73-5870-400e-b2f2-34d90994bd2d,fb17b2a3-e1f5-4287-9680-f55edddae6b9,5.331899,2025-12-01T19:51:40.192546,True
160614c4-f68c-41e9-b9d7-bfd21e403c75,95eed704-5f74-442d-9168-79287c0b17b8,17.893626,2025-12-01T18:48:21.192546,True
455c37dc-dcd2-412a-8ba3-53bfb367ffcf,f294f728-9596-4941-984a-b4ab99565734,21.697527,2025-12-02T02:20:17.192546,True
790da8ed-3766-4991-b58a-5814ad22a812,7d61ed2e-3233-4ae3-81de-25285a41bd65,100.287926,2025-12-02T09:20:07.192546,False
b1689b83-da2a-401b-951b-530174e16186,ad84c677-d8cb-4746-bfd8-50f3649d555b,12.706584,2025-12-01T21:09:11.192546,True
0ea8ab7d-da43-4335-9b80-d14453c74327,user_18,19.17896,2025-12-02T15:52:56.192546,True
35badf52-e881-4fee-8b77-697b65615618,ae9b416b-3d7b-4ed0-9950-76864a68bb97,9.08358,2025-12-02T01:48:30.192546,True
39f7c7df-d040-49cb-bb70-798532da4f23,e98007be-89e1-4a0e-a78e-45b18266fa9c,10.026692,2025-12-01T21:00:28.192546,False
b8a7eeeb-9dca-4948-aa27-e50f75611fc8,0e4b35da-03e6-4069-9a2a-5b0f1bf6f306,154.933311,2025-12-02T06:41:00.192546,True
f6be4280-3ce3-46c4-afa7-522f810d7d3f,user_49,2.592407,2025-12-02T04:49:17.192546,False
bb00b1b7-cf22-48ea-9d16-6bf4982f9d1c,66b44273-852d-4e32-b3f7-ab6572774640,67.909394,2025-12-02T00:08:04.192546,True
21be11fd-da05-423b-b9d1-8a3827159d32,a6662a8f-84ca-41fa-a3d5-90f91a0894f6,21.610941,2025-12-02T05:31:58.192546,True
fc08acaa-90a8-4af2-8785-c532662f5cfd,e94a8b17-1352-4ffd-aec5-76d128576a00,7.843548,2025-12-02T08:52:40.192546,True
fad18663-e387-445f-a1b6-a3c0f09c95b4,a9fb9c73-e80e-41f7-a1d9-79ec34db0310,3.92778,2025-12-02T01:09:21.192546,True
a064edc5-aa7e-49b0-b8d6-f015afcc8b1a,693c72fa-4a12-4666-a9cc-2564cd00310b,48.406188,2025-12-02T10:47:30.192546,False
9e5c4c52-e034-4404-badc-0c72296b3155,f8346bcd-c4fd-4893-934d-2298c2a3db9f,3.393728,2025-12-01T19:58:25.192546,True
7d4bb1e2-8ee6-4c86-9e16-0d70a888fd87,user_20,51.473622,2025-12-02T13:56:02.192546,True
a88f6d84-a1c6-4f79-885c-1917d066ac78,151292d4-63f2-45d4-aa62-10726a1eeeda,79.774758,2025-12-02T05:20:33.192546,True
9a8c970c-f3b3-438a-8b4a-310ef0fe84c6,40b24a6d-5fce-4077-b760-388d7d3ecda1,85.54653,2025-12-02T13:30:12.192546,True
4f0f4f49-e1a2-43d2-af86-ae70a2e9adba,user_43,13.425486,2025-12-01T18:04:39.192546,True
314c2f9d-c49b-4ab8-91c3-560e3711d1a7,fe974e45-fb37-4a99-b70a-653a3b192058,32.228798,2025-12-02T16:58:05.192546,False
49649ce0-198e-4830-9379-ccf308bb384a,9e96d11c-e4a6-4a5a-9b38-d72ae79b8773,37.772673,2025-12-02T17:16:09.192546,True
94b95521-72a5-4034-b617-dfe3d49643c0,d5cc8305-45c5-4a13-8f77-d10794f55376,148.060594,2025-12-02T02:37:31.192546,True
67995367-8216-4e7a-8a3f-1b99da92e8af,user_44,54.650714,2025-12-02T11:01:39.192546,False
477197e3-047c-4ccd-a0fc-eeb070198869,92334622-e319-4809-9c1a-e38872580f24,9.719316,2025-12-01T22:29:33.192546,True
fe659556-cbb7-40ef-be18-c46152eb09d5,f6156231-f55e-4059-95bd-2e261bd9db65,41.071187,2025-12-01T19:57:40.192546,True
0a40474c-1fcd-40f4-840b-49792c8883f7,user_42,56.290369,2025-12-02T01:47:39.192546,False
d5dcac52-d449-487d-a8b6-ddb2baf28758,ea2fb240-73a7-4774-b3bf-8ad7d38ea839,57.296631,2025-12-02T00:03:51.192546,True
bd106af6-4b11-49ce-a514-87d4a8105587,8a6e7b29-d4b8-4602-8fc4-f72311cbf741,54.175607,2025-12-02T11:22:10.192546,True
b857f1d9-2674-4e79-9e3d-19122122932c,user_6,10.204159,2025-12-01T23:54:17.192546,True
7d3c8e1b-845d-4f26-aa5c-a20bf2a317d5,e0bf8a1d-68f6-47e6-966d-fc48cb0ee844,83.703505,2025-12-02T00:40:24.192546,True
ec5528ee-c422-47f1-a2b4-6f75503b4364,ff26f9f1-7320-42d3-ba52-75cc23d38d77,19.579337,2025-12-02T17:39:18.192546,False
b6b4f452-b9f6-4394-9829-531d01793771,user_28,21.905024,2025-12-02T02:00:09.192546,True
aa80a6fc-fa0b-469b-8b66-da0a2cba9d00,7900d0fd-ba7e-4cca-bfcd-f71a2dff4eaa,19.066804,2025-12-02T09:34:16.192546,True
3d306a58-5c57-46dd-a41c-1928656b3296,b8975c74-bcc4-4852-bdf1-207dd830a47c,0.727639,2025-12-02T07:12:29.192546,True
79f8e44c-7193-4b16-8082-90510ad7860a,user_50,6.748972,2025-12-02T11:45:22.192546,False
f40971bb-9ba5-4ee0-817b-aa05944902da,user_26,29.639312,2025-12-02T07:27:05.192546,True
45eca9d7-d0d4-4859-9b8c-a2e615c3cca1,ac0cb9e0-93ce-4cd1-8f69-d628fcdd7e52,42.271039,2025-12-02T09:43:43.192546,False
b183f177-3641-416f-9211-a78a33cfbb9a,82a31801-b6da-4372-968b-7c8805b5104d,92.568307,2025-12-02T06:21:37.192546,True
1e87836f-bfe4-4050-bf08-78bf01d91a93,97b5fb2f-3706-4af3-afc1-a50bcec6ae06,0.468081,2025-12-01T20:15:37.192546,True
35177658-3b8e-4620-b2e5-01402b415bfd,user_6,125.110201,2025-12-02T02:47:32.192546,True
755577ab-5b7f-45ab-afa3-12bae097ec01,738d9607-a22c-49f6-b1a1-c95d6894be91,12.441714,2025-12-02T17:06:07.192546,True
aed0a6f0-caae-4c6c-829a-4ce46af60189,9be3ad61-6822-425b-9cb3-71ab85ffc114,36.760568,2025-12-02T08:08:41.192546,False
c54669ec-52ca-4674-a699-81b7de4791e5,4cd6d871-8598-4a03-9e5e-a08f819c32e9,24.396683,2025-12-02T00:53:55.192546,True
c0942be5-9f03-45e8-9af3-aaf436572dbb,79297688-9f7e-47bd-a229-ce827f2eb57d,59.014064,2025-12-02T07:19:46.192546,True
9ce9b493-4998-4315-b80c-8fbb910bd652,user_44,53.121416,2025-12-01T21:31:46.192546,False
ea635168-8c3c-4dad-ad76-861f562a4c55,9a08c4a8-f30a-4c95-af12-81b5af69617c,17.121615,2025-12-02T01:48:14.192546,True
acfdf326-0254-4b07-89b9-9634e59ee03b,65ce2f4b-d239-4d02-bc22-0beac4a2aadd,79.059487,2025-12-02T07:56:54.192546,True
022fcef9-3352-4308-82fc-74c0198ace29,user_46,71.638912,2025-12-02T13:58:43.192546,True
6d8a9d49-7d1f-4bb7-aed4-4a7eae88d6d0,fb4ee2f2-70fa-4eed-b78f-4dcfc12aad01,111.659414,2025-12-02T17:02:02.192546,False
0aee3c21-e8df-4f41-a0f4-6894f374c58f,c98e1cd0-70bb-4acf-af2b-4136a9541245,41.086806,2025-12-01T20:11:05.192546,True
a74377b4-6c6e-4f01-bd09-45d46d77091d,70d57554-ef59-4c87-a51e-63e14e043e96,31.96376,2025-12-02T08:24:55.192546,False
6578864b-cef5-4f57-92da-1e935fe7b13e,c7a335ca-63c8-4024-907d-7db5b8999144,4.086291,2025-12-02T10:34:15.192546,True
a84753f0-8c44-4ae5-9119-92bc698747cd,user_50,54.027514,2025-12-02T02:19:45.192546,True
c7a053bf-ee55-4a6c-ba8b-25bc6cf4bb26,0c236c0b-55a0-4461-9526-669bd34e2803,17.706713,2025-12-01T22:07:09.192546,True
dc9bcf71-714f-436e-96e8-9e5cda571243,af427ce3-f2c8-45a5-a9ad-6ff79926f629,66.634861,2025-12-02T11:06:24.192546,True
bdb75503-7458-4e4b-a0b5-3d7e6d034bb7,user_36,8.161415,2025-12-02T11:45:24.192546,True
5730e4dd-1fff-4554-9cb9-4bdb2f421850,b8012bfd-e37c-4ec4-a39c-73421c86de2b,5.013374,2025-12-02T09:13:32.192546,True
e74a5acc-a68f-4c74-8a4f-2d0b6ac4e8d5,e8925b5a-3955-47a6-89b7-2b9eed4b00f1,12.285272,2025-12-02T06:58:08.192546,False
14d88e49-c0c1-4e2d-b9bb-3e13488fb830,user_3,69.91903,2025-12-02T05:11:11.192546,True
585dcefb-b09c-4687-866e-d199327aecce,7ce5c98b-344f-4c66-a1cc-b831ec20ad15,128.553915,2025-12-01T20:39:21.192546,True
d4aeb540-b8e4-4d9a-a6c3-7046dbf6e88d,9f401964-e8c0-4a96-9f7d-d42593984816,14.273206,2025-12-02T13:09:20.192546,True
99d2d1f7-955f-47c4-b024-8ef9f8029a8b,35854087-7edc-424d-9fee-1f61931f504d,81.150594,2025-12-02T01:38:53.192546,True
1e19158f-8551-481d-936b-ad64d9eb96a2,a6e37849-1404-4619-a7f5-a3f5d0a66bf0,65.927912,2025-12-02T12:31:56.192546,True
d1d6cb11-70b4-4f3f-8a41-666ebabb9fa3,user_8,15.969181,2025-12-02T08:20:50.192546,True
68ec7b0e-95b9-4cba-b207-e7636a1dbeca,0af1e834-515b-44d4-a579-8b2701037aba,11.571467,2025-12-02T17:03:29.192546,True
5287d8bb-5b60-4ca3-8e02-bdb5522d9978,6fa071cf-9bab-453c-94e2-94c6aa70d6d9,79.443906,2025-12-01T21:10:10.192546,True
06e22737-6317-4679-84c1-98835bf76a71,5a125663-9f37-4b45-81e2-24d8ce21993e,31.889696,2025-12-02T16:08:56.192546,True
b12c6032-2412-4875-a08c-afefa52d8030,1ea3e4d9-6639-4b16-9c25-797c4daa12fa,74.86722,2025-12-02T00:08:18.192546,True
4cdae626-78b0-4dfa-8fcb-8ab49f9969c3,user_30,15.454489,2025-12-02T10:43:56.192546,True
65a8d8ba-8d42-44f2-b6d7-1ca0bc15bf14,c899dbc4-50c1-4b7f-9933-55dd5ebf61d2,62.601286,2025-12-02T12:09:12.192546,False
e5866d9c-9f43-43d8-aa6c-d297f3fba6d7,e93dee7d-a3ac-452d-99e5-5a10bf730935,28.544155,2025-12-02T06:38:17.192546,False
53fcb3cf-bc8e-4e6d-ba5e-1877febccd10,4fa1fdef-11d7-4498-8c15-b10cfec30b72,125.283901,2025-12-02T05:03:30.192546,True
34903593-8632-47fb-ba52-80be143e580e,10fa2132-cf3c-4584-abae-83d9059738b0,191.312155,2025-12-02T06:42:03.192546,True
9819eabb-99d8-4587-b5e7-d543cd01511f,077778b5-6cbc-4133-86aa-110a31965ca5,110.355293,2025-12-02T02:41:04.192546,True
1ddf0f29-f8c9-404a-8e91-db97cc183501,4707a1a6-2915-491a-b68f-edf0d40e22b7,32.747028,2025-12-02T14:13:48.192546,False
28c649bc-6d2d-41c2-b05b-49eea293f136,cfe5b3b3-1c02-4af0-b2b2-f00121a327d7,74.423525,2025-12-02T01:50:51.192546,True
b34e06ec-8c26-41ea-ac8d-2f21b7993777,0b9b655a-db65-44af-9f99-2df3bbcd3dcb,41.436684,2025-12-02T09:15:20.192546,False
4cf193d0-f344-4962-9518-1a80ff4c6193,3b0623f5-76d4-4cc7-bc20-5dbed02a661b,8.329497,2025-12-02T03:14:06.192546,True
87bbce04-da2b-4953-ad9a-ab5894e174ca,2fe54925-4da5-4bbe-820e-7cdcc5a03c07,19.713199,2025-12-02T07:06:34.192546,True
672527cc-c921-43b9-ac3f-1e7026bdbdb0,user_33,90.656766,2025-12-01T21:04:36.192546,True
b7b907b7-7cfe-4397-b145-c85a249f72f5,1d62580e-43fc-44c4-9aef-4a85e6c93946,15.468815,2025-12-01T19:41:17.192546,True
6ffd0cce-f0f2-4857-a6f5-8bcf5b09a6f9,892eed18-9c67-483a-b3ae-7e3c6cf98244,82.507393,2025-12-02T11:10:55.192546,True
b8e7c1e1-6f01-4a29-901b-91425f558479,user_50,46.039269,2025-12-02T05:04:13.192546,True
bce77b2a-6201-447a-94c8-e8d7b557b33b,user_42,2.726782,2025-12-01T18:32:47.192546,True
1dbaa063-3a21-49ee-a716-9bfcf9939bd9,user_49,57.287017,2025-12-02T08:57:53.192546,True
0aacef60-a294-4ad5-8c60-f43df92e5a26,a3c3e4a7-0127-486a-b372-dec6fdfbb357,12.151676,2025-12-02T16:29:15.192546,True
d264d98f-1246-481e-a8e4-337655a43dde,user_11,0.792799,2025-12-01T19:25:59.192546,True
598137a7-5ace-4775-a13a-2d1259db7580,525ccc8c-c81f-42a3-8024-e44c89a64466,75.611351,2025-12-02T14:27:32.192546,False
4ab8caba-3261-4b50-b4af-5e02e34df3cc,ea4f05cc-3803-43c6-a66a-481f9db809d7,16.285959,2025-12-02T15:03:08.192546,True
099a95d7-e4e7-4a89-a1b5-3cd9aca3930d,user_39,0.849187,2025-12-01T18:12:56.192546,True
570630fb-73c8-48da-997c-7619cbce933c,user_6,3.000413,2025-12-01T18:37:57.192546,True
4b09d4a6-e8aa-4eec-ba06-acf3c436d6fe,user_41,20.797112,2025-12-01T19:26:30.192546,True
29d959cd-a5f6-4b48-9d98-a3b60b713c56,user_11,43.144128,2025-12-02T04:32:59.192546,False
3a9194cf-d05a-46f2-8619-cde90438ad50,34aee54f-8433-494f-ba28-cfa39da5a475,27.350805,2025-12-01T21:24:27.192546,True
3a905c61-bad5-4fb4-b44a-98dfbc724229,2d019db5-b292-491a-9852-db2dfd3269b5,20.660824,2025-12-02T06:59:54.192546,True
fcbbebc4-bed9-4e51-a06a-59bfa3b8f5de,user_35,19.448671,2025-12-02T15:42:57.192546,True
e53774b0-8c1e-41d4-88ef-c8954676d582,e329b5d6-931f-4ff9-bf06-a07557914bc0,2.272804,2025-12-01T21:26:34.192546,True
fd5a24e0-4168-4344-a5ca-002a829a4a94,77ff276b-53ef-438f-9648-c6b96f42195f,52.360867,2025-12-02T14:45:58.192546,True
81418051-f458-4993-8d2a-ee9932116cdf,user_22,3.29094,2025-12-02T10:13:33.192546,False
4733999b-c4f6-4e0a-b9d8-8e7b42663380,23d5e0cf-9e52-44dd-b3b9-33985133dd80,18.629104,2025-12-01T22:54:29.192546,False
faf85fae-ab3e-4c29-895d-5a40af9c7475,7402e6ab-db04-46f0-b32e-4f688c650e30,88.351633,2025-12-02T12:20:15.192546,True
21ea6837-0a77-4476-87fc-469c29cf4230,b88c06ca-868c-40b3-8986-8d9309f4675f,15.723812,2025-12-02T12:19:51.192546,True
95c90a79-332e-4dcf-91cb-d540b423f10d,b4b23d39-c8af-4ba0-b2dc-e3b00d92df99,136.280428,2025-12-02T02:01:48.192546,True
5dd6926c-ba6a-46d7-aa11-4d1317498de6,fb48645b-20c0-411a-952d-3258e310af62,23.198533,2025-12-01T21:08:50.192546,True
aeacb2fb-35ae-4857-8ffa-7dbff9641c7d,user_32,28.012981,2025-12-02T12:35:05.192546,True
8721a2f4-c2e7-490e-80de-1b78bee77c5a,user_40,12.508266,2025-12-02T11:01:05.192546,True
fe89bce7-bf93-4168-a226-8999860792fd,b204a226-4929-4e82-82c4-031363c903b2,167.127771,2025-12-01T22:43:14.192546,True
50dce3e1-6b95-4670-96ef-463d83ff6775,19605fa8-87f2-4276-9abf-7469cca5062e,23.448274,2025-12-02T01:04:59.192546,True
e746e351-0e6f-4b86-a1c2-aa681bcae58e,user_5,13.45094,2025-12-02T02:04:38.192546,True
734b0c00-2d63-417b-b37e-a0cfdc2f0085,9d452efe-e3bd-4a16-a716-d7b20ed123af,69.299702,2025-12-01T20:42:42.192546,False
b9b99ea3-3da2-4b6e-9cee-ddc76fbaa5d6,5cdb7134-946a-4f26-8f37-f8ac3d37e625,19.595837,2025-12-01T23:09:30.192546,True
7279a627-357b-4021-91e7-ae11f08ac96c,ea2dacc9-0f08-454d-a1f3-e6bfa9f29153,6.236888,2025-12-02T06:49:32.192546,True
1ede490c-a33a-4740-b4a5-e398ec32deb3,user_38,74.742397,2025-12-02T12:42:27.192546,True
c2574041-9e95-46a7-97be-59237d5762fe,4f519cec-aa16-4e7e-a711-e4507ae9cae5,82.669225,2025-12-01T19:55:19.192546,False
5bf5e7da-ba50-4505-a570-43819d02fae2,user_1,28.452879,2025-12-02T00:20:17.192546,True
1d6fdcef-251d-4cb5-8ca0-2dbebf80dd4b,user_41,23.173676,2025-12-02T05:10:08.192546,True
027a2b09-9d14-4c04-b131-17b414e3dc88,user_6,8.537886,2025-12-02T05:04:55.192546,True
473ca9a6-9739-450b-a227-40b48767ee8b,548528c3-49a0-45c3-825a-bcaad82007de,18.306395,2025-12-02T14:11:49.192546,True
1bbc86c8-9d4f-44be-af86-54f1e35b36c0,d3efdea3-6d82-4df0-8c62-8446c1a7e0e3,37.688725,2025-12-01T19:11:24.192546,True
66e96590-7a61-44d1-9fc9-89305861d454,user_29,15.609679,2025-12-02T14:12:31.192546,True
cfecb206-5c08-4795-b2ad-e423634dae83,user_47,179.93483,2025-12-02T03:33:38.192546,True
0664daf7-ddbb-4129-b00f-d4af4265c1b6,29aae3d3-0e01-4170-8b90-166c8abdbb90,5.959078,2025-12-02T11:38:24.192546,True
77fccf37-de0f-47f7-878d-1ea3f2d47842,fb1ebe70-84b8-4af4-a454-f62e9047bb3a,28.379827,2025-12-01T23:37:09.192546,True
e379bf00-c617-432d-ae04-cdbc35e45be9,453dce32-3b9b-4235-9241-e583fc9da5f0,81.274082,2025-12-02T01:31:39.192546,True
b9d19cc8-fe54-4456-a7c4-0c13ad635f2d,baf85e69-0c65-499f-a1b6-1ed381e89b02,88.367838,2025-12-02T17:00:14.192546,False
d4f948b1-797c-4ced-ae5f-28d5348b8e0e,71f53003-985a-490b-867f-13a54ff32678,99.7885,2025-12-02T12:21:44.192546,True
38fb5b43-9209-42a4-87a9-3020ac4154ae,2c86aab8-34ea-4dba-9fac-7edbafbf785d,78.585984,2025-12-02T14:03:29.192546,False
60cfb67a-1566-4b32-9d20-238471557a7e,f035178d-c8ad-4f4c-ad75-5831d175d336,50.615932,2025-12-02T03:35:04.192546,False
04562081-2552-4932-8e55-2a41c5105a07,da442417-49e1-411e-abc2-c4513df38610,21.04197,2025-12-02T09:40:37.192546,True
a819857e-0706-4b00-b22e-8f6ab8ae0ac7,8f379d09-163e-4e6f-8527-b7b918e5bfff,101.836154,2025-12-01T18:06:18.192546,True
76403dd2-5345-44a2-af9f-b4d89ca5cdc2,a456eb3c-5739-4a8e-9577-ec3a0b3bca70,32.660303,2025-12-02T03:41:52.192546,True
62d09731-a99f-4362-af96-f3c8933a2e66,282d030e-220e-41a8-a872-c8d6402ce960,17.791303,2025-12-02T11:57:36.192546,True
e2a8c4a9-e227-485e-b5af-e2f5379be46e,ccb806c1-0a6e-4e96-a076-e0340b30bb2f,79.294404,2025-12-02T14:28:02.192546,True
ff6a0f65-ab44-4e4e-bf88-326d65a956f0,b4920a41-e573-4f59-9154-111e4003aaa3,87.25703,2025-12-02T16:22:21.192546,True
0aacf600-8376-4c59-97ce-66dfd23691ef,4dcb8d8f-4fa4-4789-ac96-bd5c476aec40,38.556373,2025-12-02T13:01:31.192546,True
16520107-31ef-4f9f-8ee4-f59ca7b203b2,220af3ae-5d31-4bb0-9e97-ed1cd679c167,3.370351,2025-12-02T10:41:09.192546,True
794654a9-aeef-41c4-a074-386c8ad46cb2,5a4fd467-9595-486f-a310-b8a370252227,7.239931,2025-12-02T07:23:29.192546,True
c8b9c53e-ec41-4dd2-96e2-7bf25f369c20,a3e2b080-0174-4ca9-bc69-9f6f0e839769,49.679912,2025-12-02T09:04:15.192546,True
79b4e512-0142-42b8-96b6-263b7b39a25d,user_35,23.326269,2025-12-01T23:38:10.192546,False
1afee0c8-66d3-4671-9db8-d1570563b51b,74542d06-0034-42bb-bb3c-2423d20760c6,46.35894,2025-12-02T02:18:20.192546,False
761bcf4d-0132-4546-93d2-66a036f922db,2b5556d4-6bfd-4530-87ca-5f36079fd80c,24.473917,2025-12-02T15:18:30.192546,True
fec53794-0b67-46e4-83f6-1ebc82b38410,de4afb9a-9acd-45cf-b763-f44c9a503398,69.190393,2025-12-02T08:25:22.192546,False
88ec0857-491b-40b4-a64e-d42975f278fe,user_22,130.720382,2025-12-02T11:03:05.192546,True
65a94581-14f5-4259-b0df-92e336f7cc9a,user_31,25.859189,2025-12-01T20:28:38.192546,False
ad5f9366-97cb-430d-9096-1cf135da8bd2,user_26,5.794435,2025-12-01T19:13:18.192546,False
add6ba7c-3bce-4a9e-b917-9494f5259e4e,user_10,57.333867,2025-12-01T21:38:07.192546,False
cdb43075-fc7d-4a67-a0a0-c381d5a142e2,b63c7851-ad73-48ec-8366-2617d691ed3e,87.63271,2025-12-02T09:55:56.192546,False
96c8c59e-b0f3-4964-bd7e-909ed48e7296,b631ea11-4fdc-464e-afd9-fbc89c4ef0a7,105.166032,2025-12-02T03:12:05.192546,False
8505c4ed-0054-4987-b0b6-4dbaaa135a3a,fc8cf230-f58e-4507-8167-bc2ac93e91c0,163.34991,2025-12-02T01:32:09.192546,True
0fb5cdeb-5380-4525-b637-51afc1003e54,2452427c-906d-47bf-8603-6c06a5df4672,2.027745,2025-12-02T17:33:59.192546,False
46806b7c-f032-4e38-b670-8d88557ce868,d8b4689a-877d-45b2-8875-9cfd0c5e4119,56.180396,2025-12-01T22:37:21.192546,False
e47a7551-b324-4051-a180-12a2ac748617,b25532d7-5e7c-41f1-ba3b-3059cdb7a544,35.613669,2025-12-02T11:41:09.192546,True
bc3c8f04-f9c0-428f-8e67-d2f1b275c118,99b13a9e-20a1-41d0-ad3f-b36ad8f6c769,44.174336,2025-12-02T06:19:04.192546,True
977122d2-f9dc-4319-9baf-dd5ac0f92bf6,9a0a6b60-24c2-4498-ac9f-5d3bcdb071de,158.906996,2025-12-01T21:10:25.192546,False
a4ea162d-af91-4fcd-a0b2-9c4675690f9a,user_32,63.76699,2025-12-02T04:16:29.192546,True
fef32feb-26ab-4b6e-be18-5931ac182e19,ad830de6-fd6d-452a-807a-059a37bbeb7b,13.791059,2025-12-01T20:34:34.192546,True
34a66435-3f77-494e-9de0-e6c809985587,user_29,27.065185,2025-12-02T04:29:35.192546,False
5e5fbbaf-98d3-4987-861d-c5f66a16a13a,e0416e11-bb22-45af-8069-05afb3602c74,12.188669,2025-12-02T12:48:16.192546,True
e21dc158-90b2-48e1-be03-f13c62e1beeb,user_11,14.028362,2025-12-01T21:14:01.192546,True
7c244398-73cf-4dc6-9f81-51ad9280d0bb,20ebaa61-5429-4701-8351-217a8c3c0315,4.945715,2025-12-01T19:46:48.192546,True
b6fa8dfc-3cb8-498c-a0a2-4d84f7927760,5bce6559-3b20-4a96-94c1-3b9215895b04,59.349064,2025-12-02T04:12:46.192546,True
041c1462-ead2-48b8-b2bd-acf0c459f150,5e7ac9fe-eac6-4f00-a999-6e3c0ccf73f6,47.076977,2025-12-02T13:10:22.192546,True
abff2670-96b5-4f12-91f9-a3147195bf88,user_33,122.276565,2025-12-01T23:13:08.192546,True
5578695f-ae46-47f1-80ff-a05b97858e88,7fa4d127-ff52-42c9-aa05-ee1a75dc8220,59.905378,2025-12-02T03:08:41.192546,True
d8c832de-4dad-4db4-a10b-32bfca88758c,user_38,3.98117,2025-12-02T12:56:26.192546,True
b074e129-f555-4537-9845-494930642475,31999543-dea4-4ae9-a13f-46769517ef23,52.444003,2025-12-01T18:02:19.192546,True
04bd1242-2d6f-4952-8252-759541295435,user_38,60.358452,2025-12-02T01:35:48.192546,False
d03b248e-f473-4b05-a7c2-4531cffe7c05,user_3,7.886338,2025-12-01T20:31:42.192546,True
0cd2d90f-bce7-4634-871e-b68e9405c7f5,9a135a7c-4b4b-4d2b-9d67-acba23633f82,14.678486,2025-12-02T12:01:00.192546,True
59aa4140-92a0-4f1b-a3ae-3cfc53986b57,user_45,61.8139,2025-12-01T19:45:28.192546,True
2bfc180c-8788-40aa-a9c1-b72ac14a5ddf,5f35b767-47e9-4136-972b-f192aaed0156,34.885663,2025-12-02T07:43:19.192546,True
c4283c00-e7ad-485e-b36f-589f33facf67,026fd096-91a3-420c-85be-084055d663f1,41.629136,2025-12-02T03:16:38.192546,True
da64bd20-5a80-4803-97a5-405923b5a721,user_34,25.25554,2025-12-01T19:35:18.192546,True
b253e436-69ed-433c-878c-9cdce39915c8,ec0ce411-b02a-4cb8-a00e-24aa880533a2,25.887566,2025-12-02T07:05:46.192546,True
f8506143-c767-4cef-b129-0e6f78aed8c0,user_12,29.90115,2025-12-02T02:24:24.192546,True
3edd8173-be70-4848-af7a-4ebaba38da8c,776dd392-2b21-4a5c-a362-4d96b41619c6,7.676294,2025-12-01T20:30:08.192546,True
2343266f-99a1-4b95-932c-bbe86e62e5fe,974311d1-eeca-45d1-9106-fc922e3e84da,25.276611,2025-12-02T13:40:05.192546,True
5be7dd7a-7a68-4bfb-b4b0-0280d215772a,user_30,23.597587,2025-12-02T10:56:15.192546,True
18d3e5be-1d7d-4f60-be10-6ae66357f356,c8cdf9d4-8e50-46bf-8411-d8f512bdb333,61.842901,2025-12-01T22:21:28.192546,True
81b74c53-2ec9-424e-bd15-b246e97ed835,565921a2-6136-4fe3-9144-d085f6decc17,9.092249,2025-12-02T12:30:29.192546,False
363babe7-3c11-429e-89d3-278b7681beb0,user_3,27.18174,2025-12-02T14:53:57.192546,True
301d2140-78ee-4103-9b7f-f06155bf3631,edb7c591-7863-46b6-b1d1-425a33765840,151.000316,2025-12-02T13:00:25.192546,True
e504a3c6-0083-4066-8f58-b1945dc1e7a2,b282ba55-70d7-4695-9dc3-cb0644ca7375,93.752897,2025-12-02T01:39:21.192546,True
bea5e1c2-0ca8-45cf-bcfd-6d6065d7013b,144ee086-68a6-4b08-82f0-717bd517005e,74.239874,2025-12-02T16:06:07.192546,True
358829f3-87ec-4c3b-ac48-d8663222f731,03d0d430-6fc7-41ea-9a37-f17b72ff24ca,72.305671,2025-12-02T15:48:10.192546,True
1899d386-72db-4545-b32a-e7959a628947,6edb0427-39d8-4d7a-aa57-8a5a7098dd0a,0.391798,2025-12-02T02:09:08.192546,True
1bbf983d-162b-45a3-8a62-0654f8c320f3,3d05ddc3-6187-4ed4-85df-fab82176850c,32.570762,2025-12-01T21:06:24.192546,True
dcbe93f4-b6c6-4f75-a268-559b1283328a,b2f55481-2d8a-43ba-a079-16997c3cc3d1,5.505003,2025-12-01T20:24:13.192546,True
19d9b828-a5f0-4a0c-9e81-595af5429c45,8fa95bf0-10f4-4f8b-ad45-0f3c882c5316,40.156048,2025-12-02T00:27:15.192546,True
e2473600-dd59-4ea7-9f91-90f377b28b49,1690c6f2-97ca-46d1-bcd7-e29230976f31,55.297438,2025-12-02T14:58:30.192546,True
d91cd183-181c-4d58-a6c3-ecd85263f97a,user_19,29.165484,2025-12-01T19:06:11.192546,True
c5788013-3688-4d7d-b189-e003910eabd1,ef03040f-192f-448e-b909-94e6233cbb2c,49.334867,2025-12-02T12:03:38.192546,True
64defad6-e843-4eca-ab22-858ea376214e,164c919a-a54f-4654-b050-2e3ff7110360,21.8561,2025-12-02T10:54:30.192546,True
821fdd39-5470-440f-a165-8f2b2c430089,7c8a94dd-53ac-4371-b443-5062b7f8f488,104.699331,2025-12-02T04:53:36.192546,False
e5971b18-0ba7-461f-8952-98c41a320395,6a15b65e-6988-47c4-b034-dd3e7e713dc2,11.824908,2025-12-02T10:05:03.192546,False
42713426-0e95-424a-ae39-611a314f9576,520dac7e-8c12-43b2-9e54-9fd0685efe27,6.998051,2025-12-01T23:40:18.192546,True
6aaf8efe-bf27-4362-ad9e-37808349de67,9133007a-959c-40e9-b5c0-54c20cbd435d,16.087606,2025-12-02T09:03:08.192546,True
116d56f5-8633-4c3d-917d-bdf213cf3078,abaf554c-391e-4b51-8a04-a575f2d6d7e0,28.863604,2025-12-02T12:56:12.192546,True
74440ab3-e76f-49cd-a8b6-4621ce3e4044,user_11,59.900338,2025-12-02T13:48:14.192546,True
c426cbe7-d3f9-45d6-881e-da573818172a,a177b8cc-b720-43ec-8e89-37c2645ec2fd,45.915136,2025-12-01T19:27:46.192546,False
76e6324f-25b1-4f09-a423-7a87604de178,user_3,134.149764,2025-12-02T00:20:34.192546,True
adb0dccf-e8f3-4748-8f57-9bf301187eb1,user_35,55.155515,2025-12-02T04:24:15.192546,False
b80f6bec-5c19-4804-a19c-6f71d71a1c2f,62f9124b-db82-4fc2-8e7d-ca5e43e880bf,87.634356,2025-12-02T06:08:25.192546,True
3a2b8610-9eda-439e-965b-1fcc9541d6ba,ca9b7ecf-59ee-417c-8e7e-cac18e8bc484,37.516978,2025-12-02T10:12:04.192546,True
ca2f6ad7-1052-491d-86b6-16ad288b53a3,user_20,164.64512,2025-12-02T15:25:43.192546,True
d4dae336-4610-45bc-b83d-11aeed5e8c63,24f04610-f3c2-44a2-b581-269f43389bed,8.468152,2025-12-01T21:44:34.192546,False
28dc079c-4407-4c53-bf00-c4f08714cbca,54d4f8a2-b0e5-4168-a80e-a946b681f3ef,37.537805,2025-12-02T14:05:13.192546,True
e83490a0-c31d-4c27-ac5a-008b21b60731,9c51e127-d0dc-4740-9164-0d269f8a2922,54.667185,2025-12-02T10:27:03.192546,False
a903e42f-0001-411e-9eae-f963948e82d0,be594865-e3f5-4b70-99c9-5d635d0cb381,13.096556,2025-12-01T18:31:37.192546,True
b1fc5a14-c33d-4531-aba8-2ef741131f8b,ee0fa7e6-0ea8-4a9a-93f6-e8302cd7fc7b,44.983257,2025-12-01T19:05:17.192546,False
fb1c8119-8e34-44be-82c7-66d9be0c332e,22907b75-2748-4103-9560-f73fb0204a43,63.469036,2025-12-02T11:14:32.192546,True
294b77d9-2330-49e6-a70c-48e1939de8bb,bb542e55-8ebb-44af-af21-4045f760667b,13.817691,2025-12-02T00:24:04.192546,False
1acee75b-d3cf-4af7-aacf-03093a8f5f52,74aea025-05ea-4f7f-9baa-c12418d3254b,13.301628,2025-12-01T23:37:15.192546,True
7e290296-97b4-4e26-aa8e-24e440686364,user_38,123.926121,2025-12-02T02:30:28.192546,True
e1ed23ae-1423-4a40-8b00-229f8b117ea8,5f022dd4-2da3-4bb6-94b5-7fd2514bf486,59.918313,2025-12-02T11:46:39.192546,True
8578e191-ea8d-4222-a54b-ddb7fa38e051,44c89707-d058-4e43-b4b8-5918c4d2c5f1,37.456634,2025-12-02T02:11:33.192546,True
3e449c96-4f69-4a3d-b03b-0f3817291020,7be2a229-8d75-40d8-8ee1-2224af5b92f4,68.169307,2025-12-02T05:58:30.192546,True
87d818c6-c629-4452-bf21-73d420164fe5,532dc972-8759-44a6-9f93-3b78d4cecc94,1.487006,2025-12-02T15:57:41.192546,True
00515cba-1b79-4197-8fec-6c6da6f400d5,1ae857b3-0332-416c-b988-f7ec46e8cd76,12.481677,2025-12-02T09:49:06.192546,True
5c5e3776-7cd7-4c7b-a176-1d101540dcd8,efc3aa6c-cace-4648-96ee-3426f5fc9e20,10.762063,2025-12-01T20:43:21.192546,True
4668a670-1b2f-4a3b-b9ad-38ea0aa71bad,33bedb3f-072d-403f-a9ef-4846028c1a5d,14.078404,2025-12-02T00:15:21.192546,True
bcca0524-8014-48d2-a9d4-9bc83f47b09d,user_11,27.199301,2025-12-02T12:02:41.192546,True
164536a5-57d0-42f7-987c-cb78f99c4844,95d272f7-8748-4eda-a7b4-3399efe11a06,28.262694,2025-12-02T10:45:54.192546,True
5f5cd38e-a234-4574-b51b-fd6a65fcba81,user_26,37.656494,2025-12-02T06:17:24.192546,True
fa1f7cfe-f675-4325-8d27-bd2497569545,user_8,66.015021,2025-12-01T20:50:43.192546,True
c6ffef78-2a27-4dfa-b23b-910a2d73fbb7,0e3dd136-a6bf-4f58-9f27-e082dc3040bf,40.455293,2025-12-02T09:17:42.192546,True
6d9ce086-1b75-4c70-bf69-7064b2c3a732,user_16,73.511872,2025-12-01T22:20:18.192546,True
42833ee6-369b-4648-9bc7-19ef8c749633,5bfab3c4-8ea5-4522-a637-6fc876674193,20.953424,2025-12-02T15:02:15.192546,True
5d83ea58-fdcf-4c38-8acb-129e210fa76f,user_37,14.51629,2025-12-01T18:46:39.192546,True
ce815975-f40a-4950-afad-71d3002315c8,e2b5edae-2aad-4c96-a35e-0a9e3a2ba580,37.817608,2025-12-02T03:42:41.192546,True
51271dc9-d570-47e3-9666-2f16621f3f7e,0b2103a1-d086-4991-8f9c-3b5e5cb1b304,18.774366,2025-12-02T03:25:01.192546,False
f4780446-7558-4a64-920d-a5eee0fb16bf,user_5,28.843578,2025-12-02T10:58:11.192546,True
5ac16d20-32c3-457b-b38e-06adf8b4b9e5,a48983a1-1637-4224-9fca-2833e804e6fd,11.410145,2025-12-02T17:08:10.192546,True
a28ca75e-37c5-4041-b9fb-d045f0e15256,6e089db0-018e-4e10-ac5a-6fe69ea084d5,5.614435,2025-12-02T04:35:30.192546,True
9e79785b-acc3-4fbd-bdbd-2f1cda13a93c,user_23,67.424884,2025-12-02T10:14:22.192546,True
9ea36a32-e774-407f-9045-976fdb3c034c,user_39,8.443299,2025-12-02T13:21:18.192546,False
02d00cf9-caa0-4ad3-b8d1-7b4d03418fe1,b261c204-9f45-4e8f-a197-177c3449e493,1.653262,2025-12-02T05:41:24.192546,True
e3128a90-834a-4fc5-8a69-4e257ee0b42d,56dbb188-89c8-49fb-a197-93d2f8cf008c,34.37524,2025-12-02T15:36:56.192546,True
7e28d33e-29b0-4970-9c59-21140805ea26,b5de68e5-5044-4a78-a254-ad0cd99fae13,17.9268,2025-12-02T16:21:10.192546,True
9c11cca6-7276-452c-9a7a-ae410616414d,640a003c-bd87-44ec-a608-678d50686be1,58.063122,2025-12-02T07:12:38.192546,False
f03f4886-5504-4723-8aa7-a787f7e284d6,b03bbae1-4822-4e11-ad2a-1580392179a2,20.138102,2025-12-01T23:47:31.192546,True
9237c76f-6eec-44c4-89f1-5d786535723f,user_7,9.97856,2025-12-02T02:21:30.192546,True
a9dc6809-1708-48d2-bc80-544a99622eba,e2bfcee5-7c26-441d-82c9-4aada8c65aff,80.939876,2025-12-02T00:07:35.192546,True
f07f5107-8014-4cf5-a080-1fcb3170d193,57e42d78-e47b-46e7-85b4-91c8731a9c83,14.431959,2025-12-02T15:56:20.192546,True
141f3b3f-26f1-4258-941c-59effbf83285,0470f891-9dd4-4e5d-8684-6c964adfd25a,2.695312,2025-12-01T23:12:32.192546,True
de18182d-c373-4900-b5ab-cec0d78d1552,user_2,128.294813,2025-12-02T00:47:13.192546,True
fa93f172-9a6e-4990-aac5-89d5e1f1225e,53bb04ce-fbe2-42b6-89ed-372c4664034b,138.920959,2025-12-01T20:08:31.192546,True
3b479e71-127e-46cd-adda-382df8463a46,abfbf9da-a837-4e71-8643-7caae55ad498,40.840553,2025-12-01T20:23:47.192546,True
ce1b3a89-b02f-4c6d-b1d0-66698fe24602,user_42,201.552894,2025-12-02T05:32:47.192546,True
b44274b2-5138-460a-98f4-2df67deb5271,613aa287-da07-4d8b-bdf5-a4b918a83044,93.395328,2025-12-02T15:18:16.192546,True
50204ca9-f25a-469a-9fda-b0413764f8ba,user_40,47.722023,2025-12-02T11:15:54.192546,True
2c51f09d-b681-4388-b1a1-a553a8110ddf,7a7a66fc-894d-41bf-86ba-5c70226748c9,4.043881,2025-12-02T04:37:57.192546,True
298c8921-aa12-4a8e-8707-a967c3b76d35,80d068c5-157a-4ae0-b152-a0aad299fa4f,0.286166,2025-12-01T17:58:30.192546,True
d91b20e1-35fd-45d2-8070-404cf2e353c5,user_1,138.262384,2025-12-02T13:00:22.192546,False
d4906682-23ba-43b1-8603-683355797895,afc6acd7-dceb-4305-b7d2-230775a2a2bc,44.429968,2025-12-02T11:37:19.192546,False
20a4bb05-c972-4202-aa6f-50e5cd06fd7e,user_5,37.019693,2025-12-02T14:06:05.192546,True
83dcc2fb-f01e-4b9f-bbc3-7fc727d77844,user_15,63.848973,2025-12-02T01:38:17.192546,False
60a4ff47-83f3-4c3c-a5e3-85f0e3532560,user_3,90.905922,2025-12-02T14:20:16.192546,True
d83b0c36-898b-4503-be17-290c4ecaa657,user_36,33.291829,2025-12-02T03:57:27.192546,True
deed8c00-3975-441b-9d1e-2f385f1c7434,user_14,9.802123,2025-12-02T14:59:45.192546,False
cba5ea3d-65ff-43b2-ae28-5a2ed127c6dc,6d2a79e2-ab03-4b03-a119-6c034f324f0e,118.060111,2025-12-02T11:17:07.192546,False
1c1e9857-0a63-43eb-b9e9-09b0879bba26,user_8,52.0449,2025-12-01T21:06:57.192546,True
90c54c23-48df-4d2a-a6a4-5d6e48cb7bf2,user_16,28.506184,2025-12-02T02:21:01.192546,True
ecc7069a-f714-42ea-b199-42d3423220e8,04e0e8fc-008e-428c-ab31-373b991bde51,32.770136,2025-12-02T13:45:55.192546,False
47235df5-5412-4923-a6fd-6b74cf494832,4b4bcd6f-1f4b-4fda-9879-22c1caf12559,18.19625,2025-12-01T19:16:29.192546,True
4ece7084-4faf-4432-a988-70e55acc4370,user_20,94.281512,2025-12-02T08:45:28.192546,False
7e8f662c-c582-4f2e-aa30-a42625e44e9e,user_2,37.626168,2025-12-02T00:18:45.192546,False
720be871-a987-4118-b55a-ffc7d05da3ff,525b4089-a87a-48d8-8ad2-0a830afffa85,36.214155,2025-12-02T00:50:38.192546,True
4207c265-6724-484c-9e6a-038f41609fc9,cafad5ca-f819-48a2-99a5-4d34ea91add3,13.511454,2025-12-02T06:41:48.192546,True
9b61bc8d-a0c2-4d8d-9615-9bfd8eed7f6b,69a9963e-eb5f-4545-b35c-1944b5ae4741,6.320292,2025-12-01T23:27:15.192546,True
a1475d19-20f2-4cbc-9abb-777fbda69890,5b24684b-12e1-4dff-b378-1b62545e5bf7,9.551775,2025-12-02T00:13:58.192546,True
c4729dbe-28a8-44f0-b737-abcb370a8592,55ecfb67-01cd-45f2-9830-afdf4bde85f2,104.888645,2025-12-01T20:37:08.192546,True
4af93e45-defb-4375-956c-3d85583d76ec,cda061dc-2371-4fda-a7c6-2d31864dc519,29.850349,2025-12-02T04:26:08.192546,True
e4fc0eae-2405-444c-ae31-2e1db7c17615,user_35,62.379013,2025-12-02T01:00:17.192546,True
c391a941-79fd-45b0-99b7-f24512469c0c,a7ad9a40-4de7-47a3-9e9f-31ab4ad1ba11,25.379996,2025-12-02T16:55:06.192546,False
eef3b5c1-8411-4459-9d51-e2f11ec3ece6,32e30173-acd5-441c-b4c3-58e149681014,0.802368,2025-12-02T05:35:01.192546,True
ecc6a9dd-847e-4e7d-bfa6-9fd8a54e9956,user_9,37.481805,2025-12-02T16:23:01.192546,False
46829905-f5e4-4b00-a1ee-aefe17d97488,66b8c4da-cd5c-4d49-af78-e8c335ccad62,66.026847,2025-12-01T22:18:31.192546,True
728d319f-74e1-478c-bdd4-94557d660783,303678c9-a79b-4078-bb7a-dfa57353ce67,19.083711,2025-12-02T12:56:23.192546,True
5b6e366d-d23f-40c8-aa75-4c341cf1384e,c3186fc9-1146-47ff-9b94-1794a7062eea,114.626631,2025-12-01T19:31:57.192546,True
17136e99-9b01-4e19-a227-9b34ff2b6c73,cd7674f2-5eb8-473d-9d73-a980f4924642,5.393612,2025-12-02T11:32:59.192546,True
1f42b6ea-d6d7-434f-b7ca-be8856599ac2,f9144cf9-9bec-4ea7-b22c-b7ce74812ab2,34.675344,2025-12-02T00:40:22.192546,True
69a70c69-18e0-4199-adc1-acc8c6a0d84e,de9c9b03-1e32-46c9-9803-0730b67f422f,77.167805,2025-12-01T22:28:06.192546,True
ef0a1e87-de5c-413c-99f2-9e84469a6435,8a693b13-771b-4017-ab7a-5f0e0ab6db1e,27.070366,2025-12-01T20:36:25.192546,False
d4971308-4d6f-44fb-a154-bd567a3b4410,cdb96231-0368-406f-be76-e6209ab8d0f1,34.314433,2025-12-02T04:36:35.192546,True
235f7613-6343-4604-b0de-c0181a20363a,user_31,62.231746,2025-12-02T14:48:37.192546,True
d39c6512-b052-49e4-9bbc-da27047ca312,user_30,7.175167,2025-12-02T10:41:14.192546,True
fd6780ac-ec10-4c49-8144-bc2c77eeb744,user_35,74.841285,2025-12-02T06:20:43.192546,True
d8b2208a-971e-4c24-a130-505d465e3e22,54d4c8b9-2735-4925-b355-d52b4c3cf95c,11.421255,2025-12-02T14:24:36.192546,True
506616af-4e3d-462a-8bae-aabdd402878e,ae2db085-9b50-45a9-9898-abfb8cd0a99f,122.419555,2025-12-01T21:37:03.192546,True
8aa843fb-2cb3-4a45-81d8-65810bf3f17b,user_23,16.673794,2025-12-02T15:09:32.192546,True
c24473e5-0b4a-4f5f-87c2-546099dcd576,425cb532-bb74-40c1-9fb0-c6fc8492ceb2,43.270262,2025-12-02T02:53:36.192546,True
dbac4e33-46ed-454f-b532-d8748eac8037,3fd7c1f9-31dc-4c95-ba87-fb0b104f49ca,12.260512,2025-12-02T15:15:30.192546,True
c5de842d-e08c-4c80-83c3-599a6e50c1fb,2aa08daa-45de-4bc2-afca-d59ad60648b3,206.615738,2025-12-02T06:44:09.192546,True
8df8b324-15ae-4346-9a59-58e6e7255232,user_22,25.043272,2025-12-02T02:37:07.192546,True
1cfb677f-402e-41b9-bcf0-8ca1940493e0,user_26,30.825538,2025-12-02T07:01:17.192546,True
17ba1feb-4bd0-4f26-8901-d638e8871b0f,fcb22eee-3ee1-48cb-9055-79f295f3b276,171.956822,2025-12-01T22:20:11.192546,False
e6fb80ec-5a09-4d2a-91f9-dcc05e6b8e6f,dc4d881f-220b-4099-87f8-94f7aa854f02,32.865744,2025-12-02T01:22:12.192546,False
a9347cb7-1c14-428a-a072-f825c6ba25fa,9c5361f2-8ac2-4986-b9c3-8b15c2131f82,63.073503,2025-12-02T04:02:45.192546,True
7ab2b004-66f6-420c-9abc-cba60f549064,4cc2fdd2-48ea-48f1-bb60-e808d4cb6d6d,35.190956,2025-12-02T06:25:23.192546,True
4700fb50-f030-417d-a7bf-fb7db946298f,user_16,30.139899,2025-12-02T09:05:53.192546,True
cd61c6e6-925d-4825-9051-f0dbd82d7572,fee20e61-ab02-4567-876c-01fa833160b5,5.211925,2025-12-01T18:56:16.192546,False
0775d6c5-8666-40f1-a108-bcd9442539cc,8110d5fd-7836-4b5e-aaa6-90ad86bb2bde,108.830256,2025-12-02T08:34:58.192546,True
8c3056af-2a16-464c-9d82-057bcc22f858,f819d97d-4bea-46c6-a2f6-708e28524e92,17.692512,2025-12-02T08:01:34.192546,True
4482a94c-80f1-4025-a701-3230be7e2117,656ce520-48a7-43b1-afde-fa93bdc27634,44.773462,2025-12-01T20:33:09.192546,True
bccbf4a7-6687-4b3e-bdb8-4f2b07badc15,ab3817ad-4407-4b5f-ad63-46351b290288,50.55251,2025-12-01T20:05:18.192546,True
43b38d07-685b-4da8-b7f1-1bdae0d5939a,831f624d-c056-445a-a8d7-7cb10b186fbe,2.353589,2025-12-01T18:32:40.192546,False
e837e983-4727-4da9-96ab-77ee2cc63962,user_30,39.921683,2025-12-02T13:32:48.192546,True
518feaac-75bb-48a6-ae74-759aaa6988db,50bc7cf5-99d7-4cdb-9149-5107f2234335,105.286929,2025-12-02T15:41:42.192546,False
51fc47da-8de3-43be-a1e8-352df9532eec,e64b6550-a253-4e4e-b1c8-0a37fe9e75e2,0.776943,2025-12-02T05:33:03.192546,False
942896fb-c1e4-4449-b0f9-885b25d18bcb,929ec88f-52a1-416c-90b9-2e7adea63ad8,43.20438,2025-12-02T13:17:31.192546,True
0db6e4a6-66af-45d2-bb93-735b17d5fc7a,84ee0fcb-1620-44c3-ace7-26b2def39ccb,102.009543,2025-12-02T16:34:36.192546,True
f3951238-6577-49cf-b1a7-a96cf22b3b36,b3c56ca1-1138-409b-97da-16c31c8548ca,25.683195,2025-12-02T10:46:36.192546,True
79953dcf-f5af-414d-bb51-c8c05ab32b7c,41a8aa93-c803-4d3c-948d-9068992bc513,7.241553,2025-12-02T07:16:46.192546,False
46d702cf-ec27-493f-8087-0ed4f6bd247c,e5911974-e849-44c2-8f2b-f096d5099ebe,58.234427,2025-12-02T08:50:54.192546,True
6ce9ba3e-63ac-4add-828b-2f3b130d28c3,3141f1f4-5a6d-4716-a3ed-d73c26257764,20.851661,2025-12-02T10:36:03.192546,True
5e8b9368-c356-414a-9aae-907ad4d73c6b,339e43d2-c4e2-4bef-9118-0b1dbc7afd83,1.7432,2025-12-02T12:24:30.192546,True
9efd98fe-2152-4770-890c-b4b68811ac5b,e9049b54-5c83-47f3-91b6-08a800b5dc86,1.426092,2025-12-02T00:06:06.192546,False
